club_id,wikidata_id,club_name,club_name_ascii,country,league,city,stadium,club_lat,club_lon,club_source_url,geo_source,manual_review_flag,notes,Unnamed: 14,Unnamed: 15,Unnamed: 16,player_count
c_abha_a8d5b324,,Abha Club,Abha Club,,,,,,,,,False,Wikidata/league/city/stadium pending Step 5b/Step 6.,,,,1
c_ac_milan_118eeb6e,,AC Milan,AC Milan,,,,,,,,,False,Wikidata/league/city/stadium pending Step 5b/Step 6.,,,,10
c_accra_hearts_of_oak_sc_5dd04a93,,Accra Hearts of Oak S.C.,Accra Hearts of Oak S.C.,,,,,,,,,False,Step 5 manual review canonical rename from 'Accra Hearts of Oak SC' to 'Accra Hearts of Oak S.C.'. Wikidata/league/city/stadium pending Step 5b/Step 6.,,,,1
c_ae_kifisias_b52d38fc,,AE Kifisias,AE Kifisias,,,,,,,,,False,Wikidata/league/city/stadium pending Step 5b/Step 6.,,NOTE:,Normalize clubs into this table and link players to club_id.,1
c_aek_athens_72925ed6,,AEK Athens,AEK Athens,,,,,,,,,False,Wikidata/league/city/stadium pending Step 5b/Step 6.,,,,1
c_ael_431116e5,,AEL,AEL,,,,,,,,,False,Wikidata/league/city/stadium pending Step 5b/Step 6.,,,,2
c_ael_limassol_2cf0940b,,AEL Limassol,AEL Limassol,,,,,,,,,False,Wikidata/league/city/stadium pending Step 5b/Step 6.,,,,2
c_afc_bournemouth_61e18bcd,,AFC Bournemouth,AFC Bournemouth,,,,,,,,,False,Merged aliases/source variants: AFC Bournemouth; Bournemouth. Wikidata/league/city/stadium pending Step 5b/Step 6.,,,,5
c_agf_aarhus_255f8d4c,,AGF Aarhus,AGF Aarhus,,,,,,,,,False,Wikidata/league/city/stadium pending Step 5b/Step 6.,,,,1
c_agmk_a616cb6f,,AGMK,AGMK,,,,,,,,,False,Wikidata/league/city/stadium pending Step 5b/Step 6.,,,,2
c_aik_9fa4ead4,,AIK,AIK,,,,,,,,,False,Wikidata/league/city/stadium pending Step 5b/Step 6.,,,,1
c_aj_auxerre_5c7942ef,,AJ Auxerre,AJ Auxerre,,,,,,,,,False,Merged aliases/source variants: AJ Auxerre; Auxerre. Wikidata/league/city/stadium pending Step 5b/Step 6.,,,,5
c_ajax_955fab76,,Ajax,Ajax,,,,,,,,,False,Wikidata/league/city/stadium pending Step 5b/Step 6.,,,,4
c_akron_tolyatti_7891723e,,Akron Tolyatti,Akron Tolyatti,,,,,,,,,False,Wikidata/league/city/stadium pending Step 5b/Step 6.,,,,1
c_al_ahly_d8f224e8,,Al Ahly SC,Al Ahly SC,,,,,,,,,False,Step 5 manual review canonical rename from 'Al Ahly' to 'Al Ahly SC'. Wikidata/league/city/stadium pending Step 5b/Step 6.,,,,9
c_al_ain_c5137584,,Al Ain FC,Al Ain FC,,,,,,,,,False,Step 5 manual review canonical rename from 'Al Ain' to 'Al Ain FC'. Wikidata/league/city/stadium pending Step 5b/Step 6.,,,,3
c_al_bataeh_bbe9608c,,Al Bataeh,Al Bataeh,,,,,,,,,False,Wikidata/league/city/stadium pending Step 5b/Step 6.,,,,2
c_al_duhail_917aca16,,Al Duhail,Al Duhail,,,,,,,,,False,Wikidata/league/city/stadium pending Step 5b/Step 6.,,,,7
c_al_ettifaq_807c8264,,Al-Ettifaq Club,Al-Ettifaq Club,,,,,,,,,False,Wikidata/league/city/stadium pending Step 5b/Step 6. Merged Al Etiffaq + Al Ettifaq,,,,2
c_al_gharafa_cf3f2df9,,Al Gharafa,Al Gharafa,,,,,,,,,False,Wikidata/league/city/stadium pending Step 5b/Step 6.,,,,3
c_al_hilal_67047244,,Al Hilal,Al Hilal,,,,,,,,,False,Wikidata/league/city/stadium pending Step 5b/Step 6.,,,,11
c_al_ittihad_715274c9,,Al Ittihad,Al Ittihad,,,,,,,,,False,Wikidata/league/city/stadium pending Step 5b/Step 6.,,,,4
c_al_jazira_3cf19a97,,Al Jazira,Al Jazira,,,,,,,,,False,Wikidata/league/city/stadium pending Step 5b/Step 6.,,,,1
c_al_qadsiah_2c418904,,Al Qadsiah,Al Qadsiah,,,,,,,,,False,Wikidata/league/city/stadium pending Step 5b/Step 6.,,,,6
c_al_rayyan_e5871040,,Al Rayyan,Al Rayyan,,,,,,,,,False,Wikidata/league/city/stadium pending Step 5b/Step 6.,,,,4
c_al_sadd_a599a00e,,Al Sadd,Al Sadd,,,,,,,,,False,Wikidata/league/city/stadium pending Step 5b/Step 6.,,,,5
c_al_shabab_e27f5149,,Al Shabab Club,Al Shabab Club,,,,,,,,,False,Step 5 manual review canonical rename from 'Al-Shabab' to 'Al Shabab Club'. Wikidata/league/city/stadium pending Step 5b/Step 6.,,,,1
c_al_ula_28613b64,,Al Ula,Al Ula,,,,,,,,,False,Wikidata/league/city/stadium pending Step 5b/Step 6.,,,,1
c_al_wahda_7ae987ab,,Al Wahda FC,Al Wahda FC,,,,,,,,,False,Step 5 manual review canonical rename from 'Al-Wahda' to 'Al Wahda FC'. Wikidata/league/city/stadium pending Step 5b/Step 6.,,,,1
c_al_wakrah_abf60aa2,,Al Wakrah,Al Wakrah,,,,,,,,,False,Wikidata/league/city/stadium pending Step 5b/Step 6.,,,,4
c_al_ahli_c686fb82,,Al-Ahli Saudi FC,Al-Ahli Saudi FC,,,,,,,,,False,Step 5 manual review canonical rename from 'Al Ahli' to 'Al-Ahli Saudi FC'. Merged aliases/source variants: Al Ahli; Al-Ahli. Wikidata/league/city/stadium pending Step 5b/Step 6.,,,,9
c_al_arabi_aed4b46c,,Al-Arabi SC (Qatar),Al-Arabi SC (Qatar),,,,,,,,,False,Step 5 manual review canonical rename from 'Al Arabi' to 'Al-Arabi SC (Qatar)'. Wikidata/league/city/stadium pending Step 5b/Step 6.,,,,3
c_al_faisaly_d08621cd,,Al-Faisaly,Al-Faisaly,,,,,,,,,False,Wikidata/league/city/stadium pending Step 5b/Step 6.,,,,3
c_al_fayha_22bab1f3,,Al-Fayha Club,Al-Fayha Club,,,,,,,,,False,Step 5 manual review canonical rename from 'Al Fayha' to 'Al-Fayha Club'. Wikidata/league/city/stadium pending Step 5b/Step 6.,,,,1
c_al_hussein_1fe1435d,,Al-Hussein,Al-Hussein,,,,,,,,,False,Wikidata/league/city/stadium pending Step 5b/Step 6.,,,,6
c_al_karma_f9b63d11,,Al-Karma SC,Al-Karma SC,,,,,,,,,False,Step 5 manual correction: Aymen Hussein reassigned from source-listed Al-Khor to Al-Karma SC. Step 5 manual review canonical rename from 'Al-Karma' to 'Al-Karma SC'. Wikidata/league/city/stadium pending Step 5b/Step 6.,,,,3
c_al_najma_9b74810f,,Al-Najma SC (Saudi Arabia),Al-Najma SC (Saudi Arabia),,,,,,,,,False,Step 5 manual review canonical rename from 'Al Najma' to 'Al-Najma SC (Saudi Arabia)'. Wikidata/league/city/stadium pending Step 5b/Step 6.,,,,1
c_al_nasr_0bf2f525,,Al-Nasr SC (Dubai),Al-Nasr SC (Dubai),,,,,,,,,False,Step 5 manual review canonical rename from 'Al-Nasr' to 'Al-Nasr SC (Dubai)'. Wikidata/league/city/stadium pending Step 5b/Step 6.,,,,1
c_al_nassr_4ed92392,,Al-Nassr FC,Al-Nassr FC,,,,,,,,,False,Step 5 manual review canonical rename from 'Al Nassr' to 'Al-Nassr FC'. Wikidata/league/city/stadium pending Step 5b/Step 6.,,,,10
c_al_quwa_al_jawiya_d23a171e,,Al-Quwa Al-Jawiya,Al-Quwa Al-Jawiya,,,,,,,,,False,Wikidata/league/city/stadium pending Step 5b/Step 6.,,,,1
c_al_riyadh_679deb94,,Al-Riyadh,Al-Riyadh,,,,,,,,,False,Wikidata/league/city/stadium pending Step 5b/Step 6.,,,,1
c_al_sailiaya_6158b2fd,,Al-Sailiaya,Al-Sailiaya,,,,,,,,,False,Wikidata/league/city/stadium pending Step 5b/Step 6.,,,,1
c_al_shamal_91835f7b,,Al-Shamal SC,Al-Shamal SC,,,,,,,,,False,Step 5 manual review canonical rename from 'Al Shamal' to 'Al-Shamal SC'. Wikidata/league/city/stadium pending Step 5b/Step 6.,,,,1
c_al_shorta_03f6bef7,,Al-Shorta SC,Al-Shorta SC,,,,,,,,,False,Step 5 manual review canonical rename from 'Al-Shorta' to 'Al-Shorta SC'. Wikidata/league/city/stadium pending Step 5b/Step 6.,,,,5
c_al_talaba_856167fb,,Al-Talaba,Al-Talaba,,,,,,,,,False,Wikidata/league/city/stadium pending Step 5b/Step 6.,,,,2
c_al_wehdat_2cc29034,,Al-Wehdat SC,Al-Wehdat SC,,,,,,,,,False,Step 5 manual review canonical rename from 'Al-Wehdat' to 'Al-Wehdat SC'. Wikidata/league/city/stadium pending Step 5b/Step 6.,,,,2
c_al_zawraa_7bba0fc0,,Al-Zawraa,Al-Zawraa,,,,,,,,,False,Wikidata/league/city/stadium pending Step 5b/Step 6.,,,,4
c_alanyaspor_661d3784,,Alanyaspor,Alanyaspor,,,,,,,,,False,Wikidata/league/city/stadium pending Step 5b/Step 6.,,,,1
c_albirex_niigata_cab00434,,Albirex Niigata,Albirex Niigata,,,,,,,,,False,Wikidata/league/city/stadium pending Step 5b/Step 6.,,,,1
c_almere_11b3096f,,Almere,Almere,,,,,,,,,False,Wikidata/league/city/stadium pending Step 5b/Step 6.,,,,1
c_anderlecht_b0025a96,,Anderlecht,Anderlecht,,,,,,,,,False,Wikidata/league/city/stadium pending Step 5b/Step 6.,,,,2
c_angers_df67ea45,,Angers,Angers,,,,,,,,,False,Wikidata/league/city/stadium pending Step 5b/Step 6.,,,,1
c_antwerp_7961b08d,,Antwerp,Antwerp,,,,,,,,,False,Wikidata/league/city/stadium pending Step 5b/Step 6.,,,,1
c_apoel_nicosia_af3c6796,,Apoel Nicosia,Apoel Nicosia,,,,,,,,,False,Wikidata/league/city/stadium pending Step 5b/Step 6.,,,,1
c_apollon_limassol_b6137677,,Apollon Limassol,Apollon Limassol,,,,,,,,,False,Wikidata/league/city/stadium pending Step 5b/Step 6.,,,,1
c_aris_limassol_d501bdb4,,Aris Limassol,Aris Limassol,,,,,,,,,False,Wikidata/league/city/stadium pending Step 5b/Step 6.,,,,1
c_arsenal_93d10937,,Arsenal,Arsenal,,,,,,,,,False,Wikidata/league/city/stadium pending Step 5b/Step 6.,,,,16
c_as_far_8343a091,,AS Far,AS Far,,,,,,,,,False,Wikidata/league/city/stadium pending Step 5b/Step 6.,,,,1
c_as_monaco_6b2106c8,,AS Monaco,AS Monaco,,,,,,,,,False,Merged aliases/source variants: AS Monaco; Monaco. Wikidata/league/city/stadium pending Step 5b/Step 6.,,,,6
c_as_roma_2ecbf69f,,AS Roma,AS Roma,,,,,,,,,False,Merged aliases/source variants: AS Roma; Roma. Wikidata/league/city/stadium pending Step 5b/Step 6.,,,,6
c_astana_f8b0106f,,Astana,Astana,,,,,,,,,False,Wikidata/league/city/stadium pending Step 5b/Step 6.,,,,1
c_aston_villa_2b918477,,Aston Villa,Aston Villa,,,,,,,,,False,Wikidata/league/city/stadium pending Step 5b/Step 6.,,,,10
c_atalanta_f8d83567,,Atalanta,Atalanta,,,,,,,,,False,Wikidata/league/city/stadium pending Step 5b/Step 6.,,,,7
c_athletic_club_24c5af40,,Athletic Club,Athletic Club,,,,,,,,,False,Wikidata/league/city/stadium pending Step 5b/Step 6.,,,,4
c_athletico_paranaense_2178bb1a,,Athletico Paranaense,Athletico Paranaense,,,,,,,,,False,Wikidata/league/city/stadium pending Step 5b/Step 6.,,,,1
c_atlanta_united_43563fa4,,Atlanta United,Atlanta United,,,,,,,,,False,Wikidata/league/city/stadium pending Step 5b/Step 6.,,,,2
c_atlas_292eeed6,,Atlas,Atlas,,,,,,,,,False,Wikidata/league/city/stadium pending Step 5b/Step 6.,,,,1
c_atletico_madrid_9b17a9e6,,Atletico Madrid,Atletico Madrid,,,,,,,,,False,Wikidata/league/city/stadium pending Step 5b/Step 6.,,,,12
c_atletico_mineiro_a8379d4f,,Atletico Mineiro,Atletico Mineiro,,,,,,,,,False,Wikidata/league/city/stadium pending Step 5b/Step 6.,,,,4
c_atletico_nacional_4666103f,,Atlético Nacional,Atletico Nacional,,,,,,,,,False,Wikidata/league/city/stadium pending Step 5b/Step 6.,,,,1
c_atromitos_ea5a8225,,Atromitos,Atromitos,,,,,,,,,False,Wikidata/league/city/stadium pending Step 5b/Step 6.,,,,1
c_auckland_fc_a034ca43,,Auckland FC,Auckland FC,,,,,,,,,False,Wikidata/league/city/stadium pending Step 5b/Step 6.,,,,5
c_austria_vienna_84acf87e,,Austria Vienna,Austria Vienna,,,,,,,,,False,Wikidata/league/city/stadium pending Step 5b/Step 6.,,,,1
c_az_alkmaar_6ec3c79a,,AZ Alkmaar,AZ Alkmaar,,,,,,,,,False,Wikidata/league/city/stadium pending Step 5b/Step 6.,,,,1
c_baniyas_89e1539a,,Baniyas,Baniyas,,,,,,,,,False,Wikidata/league/city/stadium pending Step 5b/Step 6.,,,,1
c_barnsley_4509838f,,Barnsley,Barnsley,,,,,,,,,False,Wikidata/league/city/stadium pending Step 5b/Step 6.,,,,1
c_bastia_1e5b7984,,Bastia,Bastia,,,,,,,,,False,Wikidata/league/city/stadium pending Step 5b/Step 6.,,,,1
c_bayer_leverkusen_39ddc43b,,Bayer Leverkusen,Bayer Leverkusen,,,,,,,,,False,Wikidata/league/city/stadium pending Step 5b/Step 6.,,,,7
c_bayern_munich_e963c2ea,,Bayern Munich,Bayern Munich,,,,,,,,,False,Wikidata/league/city/stadium pending Step 5b/Step 6.,,,,17
c_benfica_5d914960,,Benfica,Benfica,,,,,,,,,False,Wikidata/league/city/stadium pending Step 5b/Step 6.,,,,8
c_besiktas_daeca9ad,,Besiktas,Besiktas,,,,,,,,,False,Wikidata/league/city/stadium pending Step 5b/Step 6.,,,,4
c_beveren_04c54466,,Beveren,Beveren,,,,,,,,,False,Wikidata/league/city/stadium pending Step 5b/Step 6.,,,,1
c_birmingham_city_b5dc6570,,Birmingham City,Birmingham City,,,,,,,,,False,Wikidata/league/city/stadium pending Step 5b/Step 6.,,,,1
c_boca_juniors_6bfb0da4,,Boca Juniors,Boca Juniors,,,,,,,,,False,Wikidata/league/city/stadium pending Step 5b/Step 6.,,,,1
c_bod_glimt_b9be1ed7,,Bodø/Glimt,Bodo/Glimt,,,,,,,,,False,Wikidata/league/city/stadium pending Step 5b/Step 6.,,,,3
c_bologna_1c61a9b1,,Bologna,Bologna,,,,,,,,,False,Wikidata/league/city/stadium pending Step 5b/Step 6.,,,,5
c_borussia_dortmund_8a058a04,,Borussia Dortmund,Borussia Dortmund,,,,,,,,,False,Wikidata/league/city/stadium pending Step 5b/Step 6.,,,,11
c_borussia_monchengladbach_e9b82a3e,,Borussia Mönchengladbach,Borussia Monchengladbach,,,,,,,,,False,Merged aliases/source variants: Borussia Mönchengladbach; Borussia Moenchengladbach. Wikidata/league/city/stadium pending Step 5b/Step 6.,,,,5
c_botafogo_99e3bf74,,Botafogo,Botafogo,,,,,,,,,False,Wikidata/league/city/stadium pending Step 5b/Step 6.,,,,1
c_braga_f3599df6,,Braga,Braga,,,,,,,,,False,Wikidata/league/city/stadium pending Step 5b/Step 6.,,,,3
c_braintree_town_abe87f1e,,Braintree Town,Braintree Town,,,,,,,,,False,Wikidata/league/city/stadium pending Step 5b/Step 6.,,,,1
c_brentford_99ebeb82,,Brentford,Brentford,,,,,,,,,False,Wikidata/league/city/stadium pending Step 5b/Step 6.,,,,4
c_brighton_hove_albion_5bfa8704,,Brighton & Hove Albion,Brighton & Hove Albion,,,,,,,,,False,Merged aliases/source variants: Brighton & Hove Albion; Brighton. Wikidata/league/city/stadium pending Step 5b/Step 6.,,,,8
c_brondby_701a4084,,Brondby,Brondby,,,,,,,,,False,Wikidata/league/city/stadium pending Step 5b/Step 6.,,,,2
c_burnley_b7c3fe1e,,Burnley,Burnley,,,,,,,,,False,Wikidata/league/city/stadium pending Step 5b/Step 6.,,,,5
c_buxoro_ba979d39,,Buxoro,Buxoro,,,,,,,,,False,Wikidata/league/city/stadium pending Step 5b/Step 6.,,,,2
c_cagliari_b9017662,,Cagliari,Cagliari,,,,,,,,,False,Wikidata/league/city/stadium pending Step 5b/Step 6.,,,,1
c_casa_pia_c00111a5,,Casa Pia,Casa Pia,,,,,,,,,False,Wikidata/league/city/stadium pending Step 5b/Step 6.,,,,1
c_castellon_8eebb754,,Castellón,Castellon,,,,,,,,,False,Wikidata/league/city/stadium pending Step 5b/Step 6.,,,,2
c_caykur_rizespor_5d094b3b,,Çaykur Rizespor,Caykur Rizespor,,,,,,,,,False,Merged aliases/source variants: Caykur Rizesport; Çaykur Rizespor; Rizespor. Wikidata/league/city/stadium pending Step 5b/Step 6.,,,,3
c_celta_vigo_d1c2cf8a,,Celta Vigo,Celta Vigo,,,,,,,,,False,Wikidata/league/city/stadium pending Step 5b/Step 6.,,,,2
c_celtic_a2eaecf1,,Celtic,Celtic,,,,,,,,,False,Wikidata/league/city/stadium pending Step 5b/Step 6.,,,,8
c_cercle_brugge_02b4f133,,Cercle Brugge KSV,Cercle Brugge KSV,,,,,,,,,False,Step 5 manual review canonical rename from 'Cercle Brugge' to 'Cercle Brugge KSV'. Wikidata/league/city/stadium pending Step 5b/Step 6.,,,,1
c_cerro_porteno_cf028333,,Cerro Porteño,Cerro Porteno,,,,,,,,,False,Wikidata/league/city/stadium pending Step 5b/Step 6.,,,,2
c_charleroi_62356bf9,,Charleroi,Charleroi,,,,,,,,,False,Wikidata/league/city/stadium pending Step 5b/Step 6.,,,,3
c_charlotte_fc_f185ca79,,Charlotte FC,Charlotte FC,,,,,,,,,False,Wikidata/league/city/stadium pending Step 5b/Step 6.,,,,1
c_charlton_athletic_f6926677,,Charlton Athletic,Charlton Athletic,,,,,,,,,False,Wikidata/league/city/stadium pending Step 5b/Step 6.,,,,1
c_chaves_de187007,,Chaves,Chaves,,,,,,,,,False,Wikidata/league/city/stadium pending Step 5b/Step 6.,,,,1
c_chelsea_e655b01a,,Chelsea,Chelsea,,,,,,,,,False,Wikidata/league/city/stadium pending Step 5b/Step 6.,,,,10
c_chicago_fire_65c1a76f,,Chicago Fire,Chicago Fire,,,,,,,,,False,Wikidata/league/city/stadium pending Step 5b/Step 6.,,,,3
c_chivas_d38ae426,,Chivas,Chivas,,,,,,,,,False,Wikidata/league/city/stadium pending Step 5b/Step 6.,,,,5
c_club_africain_64656e78,,Club Africain,Club Africain,,,,,,,,,False,Wikidata/league/city/stadium pending Step 5b/Step 6.,,,,2
c_club_america_49cadc66,,Club América,Club America,,,,,,,,,False,Merged aliases/source variants: Club América; América. Wikidata/league/city/stadium pending Step 5b/Step 6.,,,,4
c_independiente_4f0bb709,,Club Atlético Independiente,Club Atletico Independiente,,,,,,,,,False,Step 5 manual review canonical rename from 'Independiente' to 'Club Atlético Independiente'. Wikidata/league/city/stadium pending Step 5b/Step 6.,,,,2
c_club_brugge_ea2adfc5,,Club Brugge KV,Club Brugge KV,,,,,,,,,False,Step 5 manual review canonical rename from 'Club Brugge' to 'Club Brugge KV'. Wikidata/league/city/stadium pending Step 5b/Step 6.,,,,5
c_nacional_2b4d3a11,,Club Nacional de Football,Club Nacional de Football,,,,,,,,,False,Step 5 manual review canonical rename from 'Nacional' to 'Club Nacional de Football'. Wikidata/league/city/stadium pending Step 5b/Step 6.,,,,1
c_club_tijuana_6e4baf66,,Club Tijuana,Club Tijuana,,,,,,,,,False,Merged aliases/source variants: Club Tijuana; Tijuana. Wikidata/league/city/stadium pending Step 5b/Step 6.,,,,2
c_cobresal_8c0fe5bd,,Cobresal,Cobresal,,,,,,,,,False,Wikidata/league/city/stadium pending Step 5b/Step 6.,,,,1
c_colorado_rapids_da865f5e,,Colorado Rapids,Colorado Rapids,,,,,,,,,False,Wikidata/league/city/stadium pending Step 5b/Step 6.,,,,1
c_colorado_springs_switchbacks_a19366a9,,Colorado Springs Switchbacks,Colorado Springs Switchbacks,,,,,,,,,False,Wikidata/league/city/stadium pending Step 5b/Step 6.,,,,1
c_columbus_crew_7b68355a,,Columbus Crew,Columbus Crew,,,,,,,,,False,Wikidata/league/city/stadium pending Step 5b/Step 6.,,,,2
c_como_e0ef6211,,Como,Como,,,,,,,,,False,Wikidata/league/city/stadium pending Step 5b/Step 6.,,,,4
c_copenhagen_7e10c652,,Copenhagen,Copenhagen,,,,,,,,,False,Merged aliases/source variants: Copenhagen; Kobenhavn. Wikidata/league/city/stadium pending Step 5b/Step 6.,,,,3
c_corinthians_276924f3,,Corinthians,Corinthians,,,,,,,,,False,Wikidata/league/city/stadium pending Step 5b/Step 6.,,,,1
c_cosmos_koblenz_125995a0,,Cosmos Koblenz,Cosmos Koblenz,,,,,,,,,False,Wikidata/league/city/stadium pending Step 5b/Step 6.,,,,1
c_coventry_city_4bce22e1,,Coventry City,Coventry City,,,,,,,,,False,Wikidata/league/city/stadium pending Step 5b/Step 6.,,,,2
c_cracovia_5bed2b4b,,Cracovia,Cracovia,,,,,,,,,False,Wikidata/league/city/stadium pending Step 5b/Step 6.,,,,1
c_cremonese_7c9dcb3d,,Cremonese,Cremonese,,,,,,,,,False,Wikidata/league/city/stadium pending Step 5b/Step 6.,,,,2
c_cruz_azul_71a31d4c,,Cruz Azul,Cruz Azul,,,,,,,,,False,Wikidata/league/city/stadium pending Step 5b/Step 6.,,,,2
c_crystal_palace_cd11ce68,,Crystal Palace,Crystal Palace,,,,,,,,,False,Wikidata/league/city/stadium pending Step 5b/Step 6.,,,,11
c_cs_sfaxien_1128368b,,CS Sfaxien,CS Sfaxien,,,,,,,,,False,Wikidata/league/city/stadium pending Step 5b/Step 6.,,,,1
c_cultural_leonesa_4479aa29,,Cultural Leonesa,Cultural Leonesa,,,,,,,,,False,Wikidata/league/city/stadium pending Step 5b/Step 6.,,,,1
c_daejeon_hana_0cece60d,,Daejeon Hana,Daejeon Hana,,,,,,,,,False,Wikidata/league/city/stadium pending Step 5b/Step 6.,,,,1
c_den_bosch_bb7ad83e,,Den Bosch,Den Bosch,,,,,,,,,False,Wikidata/league/city/stadium pending Step 5b/Step 6.,,,,1
c_deportivo_la_guaira_c9679b6f,,Deportivo La Guaira,Deportivo La Guaira,,,,,,,,,False,Wikidata/league/city/stadium pending Step 5b/Step 6.,,,,1
c_derby_county_900d9adb,,Derby County,Derby County,,,,,,,,,False,Wikidata/league/city/stadium pending Step 5b/Step 6.,,,,2
c_dibba_al_fujairah_06c16d12,,Dibba FC,Dibba FC,,,,,,,,,False,Step 5 manual correction: Mohanad Ali reassigned from source-listed Al-Shorta to Dibba FC; previous source variant was Dibba Al Fujairah. Step 5 manual review canonical rename from 'Dibba Al Fujairah' to 'Dibba FC'. Wikidata/league/city/stadium pending Step 5b/Step 6.,,,,2
c_dinamo_samarqand_94368156,,Dinamo Samarqand,Dinamo Samarqand,,,,,,,,,False,Wikidata/league/city/stadium pending Step 5b/Step 6.,,,,1
c_dinamo_zagreb_d86806ac,,Dinamo Zagreb,Dinamo Zagreb,,,,,,,,,False,Wikidata/league/city/stadium pending Step 5b/Step 6.,,,,2
c_dynamo_makhachkala_9cc503d9,,Dynamo Makhachkala,Dynamo Makhachkala,,,,,,,,,False,Wikidata/league/city/stadium pending Step 5b/Step 6.,,,,1
c_dynamo_moscow_28a6f575,,Dynamo Moscow,Dynamo Moscow,,,,,,,,,False,Merged aliases/source variants: Dynamo Moscow; Dinamo Moscow. Wikidata/league/city/stadium pending Step 5b/Step 6.,,,,2
c_eintracht_braunschweig_c967ead8,,Eintracht Braunschweig,Eintracht Braunschweig,,,,,,,,,False,Wikidata/league/city/stadium pending Step 5b/Step 6.,,,,1
c_eintracht_frankfurt_52e79065,,Eintracht Frankfurt,Eintracht Frankfurt,,,,,,,,,False,Wikidata/league/city/stadium pending Step 5b/Step 6.,,,,8
c_el_gouna_d2a63f6b,,El Gouna,El Gouna,,,,,,,,,False,Wikidata/league/city/stadium pending Step 5b/Step 6.,,,,1
c_el_paso_locomotive_18790af8,,El Paso Locomotive,El Paso Locomotive,,,,,,,,,False,Wikidata/league/city/stadium pending Step 5b/Step 6.,,,,1
c_elche_e757517b,,Elche,Elche,,,,,,,,,False,Wikidata/league/city/stadium pending Step 5b/Step 6.,,,,1
c_elfsborg_d22fb04b,,Elfsborg,Elfsborg,,,,,,,,,False,Wikidata/league/city/stadium pending Step 5b/Step 6.,,,,1
c_espanyol_b65db3d8,,Espanyol,Espanyol,,,,,,,,,False,Wikidata/league/city/stadium pending Step 5b/Step 6.,,,,1
c_esperance_de_tunis_bd3a1ae1,,Espérance de Tunis,Esperance de Tunis,,,,,,,,,False,Merged aliases/source variants: Espérance de Tunis; Esperance. Wikidata/league/city/stadium pending Step 5b/Step 6.,,,,2
c_esteghlal_e23c4940,,Esteghlal,Esteghlal,,,,,,,,,False,Wikidata/league/city/stadium pending Step 5b/Step 6.,,,,6
c_estrela_amadora_ff8429b2,,Estrela Amadora,Estrela Amadora,,,,,,,,,False,Wikidata/league/city/stadium pending Step 5b/Step 6.,,,,1
c_estudiantes_de_la_plata_9139330d,,Estudiantes de La Plata,Estudiantes de La Plata,,,,,,,,,False,Wikidata/league/city/stadium pending Step 5b/Step 6.,,,,1
c_etoile_du_sahel_57c67bcf,,Étoile du Sahel,Etoile du Sahel,,,,,,,,,False,Wikidata/league/city/stadium pending Step 5b/Step 6.,,,,1
c_everton_fd9ce394,,Everton,Everton,,,,,,,,,False,Wikidata/league/city/stadium pending Step 5b/Step 6.,,,,4
c_farense_d90822fe,,Farense,Farense,,,,,,,,,False,Wikidata/league/city/stadium pending Step 5b/Step 6.,,,,1
c_fc_augsburg_ae582369,,FC Augsburg,FC Augsburg,,,,,,,,,False,Merged aliases/source variants: FC Augsburg; Augsburg. Wikidata/league/city/stadium pending Step 5b/Step 6.,,,,4
c_barcelona_cb30c55c,,FC Barcelona,FC Barcelona,,,,,,,,,False,Step 5 manual review canonical rename from 'Barcelona' to 'FC Barcelona'. Wikidata/league/city/stadium pending Step 5b/Step 6.,,,,13
c_barcelona_b_ef28ece1,,FC Barcelona Atlètic,FC Barcelona Atletic,,,,,,,,,False,Step 5 manual review canonical rename from 'Barcelona B' to 'FC Barcelona Atlètic'. Wikidata/league/city/stadium pending Step 5b/Step 6.,,,,1
c_fc_cincinnati_d3ccf1dd,,FC Cincinnati,FC Cincinnati,,,,,,,,,False,Wikidata/league/city/stadium pending Step 5b/Step 6.,,,,1
c_fc_dallas_00dc1812,,FC Dallas,FC Dallas,,,,,,,,,False,Wikidata/league/city/stadium pending Step 5b/Step 6.,,,,2
c_fc_midtjylland_2f4e39b9,,FC Midtjylland,FC Midtjylland,,,,,,,,,False,Merged aliases/source variants: FC Midtjylland; Midtjylland. Wikidata/league/city/stadium pending Step 5b/Step 6.,,,,4
c_fc_noah_5f5fceba,,FC Noah,FC Noah,,,,,,,,,False,Wikidata/league/city/stadium pending Step 5b/Step 6.,,,,1
c_fc_nordsjlland_ae9978cb,,FC Nordsjælland,FC Nordsjaelland,,,,,,,,,False,Wikidata/league/city/stadium pending Step 5b/Step 6.,,,,1
c_fc_seoul_8e133359,,FC Seoul,FC Seoul,,,,,,,,,False,Wikidata/league/city/stadium pending Step 5b/Step 6.,,,,1
c_fc_tatran_presov_05bcf723,,FC Tatran Prešov,FC Tatran Presov,,,,,,,,,False,Wikidata/league/city/stadium pending Step 5b/Step 6.,,,,1
c_fc_tokyo_9926cea2,,FC Tokyo,FC Tokyo,,,,,,,,,False,Wikidata/league/city/stadium pending Step 5b/Step 6.,,,,2
c_fc_twente_dfc20881,,FC Twente,FC Twente,,,,,,,,,False,Wikidata/league/city/stadium pending Step 5b/Step 6.,,,,1
c_fc_utrecht_8e99a4a6,,FC Utrecht,FC Utrecht,,,,,,,,,False,Wikidata/league/city/stadium pending Step 5b/Step 6.,,,,1
c_fcsb_dbba85ac,,FCSB,FCSB,,,,,,,,,False,Wikidata/league/city/stadium pending Step 5b/Step 6.,,,,1
c_fcv_dender_decd464d,,FCV Dender,FCV Dender,,,,,,,,,False,Merged aliases/source variants: FCV Dender; Dender. Wikidata/league/city/stadium pending Step 5b/Step 6.,,,,2
c_fenerbahce_58b3ec74,,Fenerbahce,Fenerbahce,,,,,,,,,False,Wikidata/league/city/stadium pending Step 5b/Step 6.,,,,10
c_ferencvaros_b07d0cdc,,Ferencváros,Ferencvaros,,,,,,,,,False,Wikidata/league/city/stadium pending Step 5b/Step 6.,,,,1
c_feyenoord_c7797bfb,,Feyenoord,Feyenoord,,,,,,,,,False,Merged aliases/source variants: Feyenoord; Feyenoord Rotterdam. Wikidata/league/city/stadium pending Step 5b/Step 6.,,,,5
c_fiorentina_69ff41f4,,Fiorentina,Fiorentina,,,,,,,,,False,Wikidata/league/city/stadium pending Step 5b/Step 6.,,,,1
c_flamengo_503b2587,,Flamengo,Flamengo,,,,,,,,,False,Wikidata/league/city/stadium pending Step 5b/Step 6.,,,,9
c_fluminense_86723454,,Fluminense,Fluminense,,,,,,,,,False,Wikidata/league/city/stadium pending Step 5b/Step 6.,,,,1
c_foolad_1a4bede8,,Foolad,Foolad,,,,,,,,,False,Wikidata/league/city/stadium pending Step 5b/Step 6.,,,,2
c_fortuna_dusseldorf_78ca4c52,,Fortuna Dusseldorf,Fortuna Dusseldorf,,,,,,,,,False,Wikidata/league/city/stadium pending Step 5b/Step 6.,,,,1
c_frosinone_ffb745d6,,Frosinone,Frosinone,,,,,,,,,False,Wikidata/league/city/stadium pending Step 5b/Step 6.,,,,1
c_fulham_385c468e,,Fulham,Fulham,,,,,,,,,False,Wikidata/league/city/stadium pending Step 5b/Step 6.,,,,6
c_galatasaray_8f5e15dc,,Galatasaray,Galatasaray,,,,,,,,,False,Wikidata/league/city/stadium pending Step 5b/Step 6.,,,,11
c_gangwon_fc_a8495ff5,,Gangwon FC,Gangwon FC,,,,,,,,,False,Wikidata/league/city/stadium pending Step 5b/Step 6.,,,,1
c_gaziantep_36de22a4,,Gaziantep,Gaziantep,,,,,,,,,False,Wikidata/league/city/stadium pending Step 5b/Step 6.,,,,1
c_genclerbirligi_22e3fae3,,Gençlerbirliği,Genclerbirligi,,,,,,,,,False,Wikidata/league/city/stadium pending Step 5b/Step 6.,,,,1
c_genk_8993c379,,Genk,Genk,,,,,,,,,False,Wikidata/league/city/stadium pending Step 5b/Step 6.,,,,2
c_genoa_8456931a,,Genoa,Genoa,,,,,,,,,False,Wikidata/league/city/stadium pending Step 5b/Step 6.,,,,2
c_gent_2f000c7f,,Gent,Gent,,,,,,,,,False,Wikidata/league/city/stadium pending Step 5b/Step 6.,,,,1
c_gil_vicente_4e74984b,,Gil Vicente,Gil Vicente,,,,,,,,,False,Wikidata/league/city/stadium pending Step 5b/Step 6.,,,,1
c_girona_2b73c591,,Girona,Girona,,,,,,,,,False,Wikidata/league/city/stadium pending Step 5b/Step 6.,,,,2
c_granada_4af55cd4,,Granada,Granada,,,,,,,,,False,Wikidata/league/city/stadium pending Step 5b/Step 6.,,,,1
c_grazer_ak_845301c1,,Grazer AK,Grazer AK,,,,,,,,,False,Wikidata/league/city/stadium pending Step 5b/Step 6.,,,,1
c_gremio_c49f51d7,,Gremio,Gremio,,,,,,,,,False,Wikidata/league/city/stadium pending Step 5b/Step 6.,,,,2
c_gyori_eto_4f17868c,,Győri ETO,Gyori ETO,,,,,,,,,False,Wikidata/league/city/stadium pending Step 5b/Step 6.,,,,1
c_hajduk_split_903c0454,,Hajduk Split,Hajduk Split,,,,,,,,,False,Wikidata/league/city/stadium pending Step 5b/Step 6.,,,,1
c_hamburger_sv_bc4db90c,,Hamburger SV,Hamburger SV,,,,,,,,,False,"Step 5 manual correction: raw/source variants 'Hamburg' and 'Hamburg SV' collapsed into Hamburger SV; Sander Tangvik, Miro Muheim, and Luka Vuskovic all mapped here. Wikidata/league/city/stadium pending Step 5b/Step 6.",,,,3
c_hannover_96_f304aed3,,Hannover 96,Hannover 96,,,,,,,,,False,Wikidata/league/city/stadium pending Step 5b/Step 6.,,,,2
c_hearts_422d35b1,,Heart of Midlothian F.C.,Heart of Midlothian F.C.,,,,,,,,,False,Step 5 manual review canonical rename from 'Hearts' to 'Heart of Midlothian F.C.'. Wikidata/league/city/stadium pending Step 5b/Step 6. Heart of Midlothian duplicate fixed,,,,2
c_heracles_almelo_e3b803be,,Heracles Almelo,Heracles Almelo,,,,,,,,,False,Wikidata/league/city/stadium pending Step 5b/Step 6.,,,,1
c_hibernian_8382e8fd,,Hibernian,Hibernian,,,,,,,,,False,Wikidata/league/city/stadium pending Step 5b/Step 6.,,,,1
c_holstein_kiel_1496d34f,,Holstein Kiel,Holstein Kiel,,,,,,,,,False,Wikidata/league/city/stadium pending Step 5b/Step 6.,,,,1
c_hradec_kralove_16ceb4be,,Hradec Kralove,Hradec Kralove,,,,,,,,,False,Wikidata/league/city/stadium pending Step 5b/Step 6.,,,,1
c_hull_city_c960b36b,,Hull City,Hull City,,,,,,,,,False,Wikidata/league/city/stadium pending Step 5b/Step 6.,,,,3
c_huracan_1cba27c3,,Huracan,Huracan,,,,,,,,,False,Wikidata/league/city/stadium pending Step 5b/Step 6.,,,,2
c_ifk_norrkoping_3af5a7be,,IFK Norrköping,IFK Norrkoping,,,,,,,,,False,Wikidata/league/city/stadium pending Step 5b/Step 6.,,,,1
c_igdir_afc03fda,,Igdir,Igdir,,,,,,,,,False,Wikidata/league/city/stadium pending Step 5b/Step 6.,,,,2
c_independiente_del_valle_02bf2082,,Independiente del Valle,Independiente del Valle,,,,,,,,,False,Wikidata/league/city/stadium pending Step 5b/Step 6.,,,,1
c_independiente_rivadavia_c01b9f67,,Independiente Rivadavia,Independiente Rivadavia,,,,,,,,,False,Wikidata/league/city/stadium pending Step 5b/Step 6.,,,,1
c_inter_miami_12316fb2,,Inter Miami,Inter Miami,,,,,,,,,False,Wikidata/league/city/stadium pending Step 5b/Step 6.,,,,3
c_inter_milan_ec07dd66,,Inter Milan,Inter Milan,,,,,,,,,False,Merged aliases/source variants: Inter Milan; Internazionale. Wikidata/league/city/stadium pending Step 5b/Step 6.,,,,7
c_internacional_9f25f9e5,,Internacional,Internacional,,,,,,,,,False,Merged aliases/source variants: Internacional; Internacional de Porto Alegre. Wikidata/league/city/stadium pending Step 5b/Step 6.,,,,2
c_ipswich_town_0526bcf8,,Ipswich Town,Ipswich Town,,,,,,,,,False,Merged aliases/source variants: Ipswich Town; Ipswich. Wikidata/league/city/stadium pending Step 5b/Step 6.,,,,2
c_ironi_kiryat_shmona_c6bc74ed,,Ironi Kiryat Shmona,Ironi Kiryat Shmona,,,,,,,,,False,Wikidata/league/city/stadium pending Step 5b/Step 6.,,,,1
c_istanbul_basaksehir_eda9bc84,,Istanbul Basaksehir,Istanbul Basaksehir,,,,,,,,,False,Wikidata/league/city/stadium pending Step 5b/Step 6.,,,,4
c_jagiellonia_bialystok_14ff40df,,Jagiellonia Bialystok,Jagiellonia Bialystok,,,,,,,,,False,Wikidata/league/city/stadium pending Step 5b/Step 6.,,,,1
c_jeonbuk_hyundai_06657775,,Jeonbuk Hyundai,Jeonbuk Hyundai,,,,,,,,,False,Wikidata/league/city/stadium pending Step 5b/Step 6.,,,,2
c_js_kabylie_dbd91381,,JS Kabylie,JS Kabylie,,,,,,,,,False,Wikidata/league/city/stadium pending Step 5b/Step 6.,,,,1
c_juarez_7fd97eca,,Juárez,Juarez,,,,,,,,,False,Wikidata/league/city/stadium pending Step 5b/Step 6.,,,,1
c_juventus_57698fb8,,Juventus,Juventus,,,,,,,,,False,Wikidata/league/city/stadium pending Step 5b/Step 6.,,,,7
c_kaizer_chiefs_99debdde,,Kaizer Chiefs,Kaizer Chiefs,,,,,,,,,False,Wikidata/league/city/stadium pending Step 5b/Step 6.,,,,1
c_kalba_cd0a6e06,,Kalba,Kalba,,,,,,,,,False,Wikidata/league/city/stadium pending Step 5b/Step 6.,,,,1
c_karlsruher_sc_de48b4d3,,Karlsruher SC,Karlsruher SC,,,,,,,,,False,Wikidata/league/city/stadium pending Step 5b/Step 6.,,,,1
c_kashima_antlers_e314a26b,,Kashima Antlers,Kashima Antlers,,,,,,,,,False,Wikidata/league/city/stadium pending Step 5b/Step 6.,,,,2
c_kasmpasa_61344b51,,Kasımpaşa S.K.,Kasimpasa S.K.,,,,,,,,,False,Wikidata/league/city/stadium pending Step 5b/Step 6. Merged Kasimpasa + Kasımpaşa,,,,3
c_kayserispor_6364c552,,Kayserispor,Kayserispor,,,,,,,,,False,Wikidata/league/city/stadium pending Step 5b/Step 6.,,,,1
c_kifisia_6c2ed07b,,Kifisia,Kifisia,,,,,,,,,False,Wikidata/league/city/stadium pending Step 5b/Step 6.,,,,1
c_kilmarnock_77ff2e4c,,Kilmarnock,Kilmarnock,,,,,,,,,False,Wikidata/league/city/stadium pending Step 5b/Step 6.,,,,2
c_konyaspor_93c0af9a,,Konyaspor,Konyaspor,,,,,,,,,False,Wikidata/league/city/stadium pending Step 5b/Step 6.,,,,1
c_krasnodar_e8c3f037,,Krasnodar,Krasnodar,,,,,,,,,False,Wikidata/league/city/stadium pending Step 5b/Step 6.,,,,2
c_kv_mechelen_5d03665d,,KV Mechelen,KV Mechelen,,,,,,,,,False,Wikidata/league/city/stadium pending Step 5b/Step 6.,,,,1
c_lafc_42b75eaf,,LAFC,LAFC,,,,,,,,,False,Wikidata/league/city/stadium pending Step 5b/Step 6.,,,,4
c_lanus_7b7e52a5,,Lanus,Lanus,,,,,,,,,False,Wikidata/league/city/stadium pending Step 5b/Step 6.,,,,1
c_lask_ec5e4ca0,,LASK,LASK,,,,,,,,,False,Merged aliases/source variants: LASK; LASK Linz. Wikidata/league/city/stadium pending Step 5b/Step 6.,,,,2
c_ldu_quito_c7b2d459,,LDU Quito,LDU Quito,,,,,,,,,False,Wikidata/league/city/stadium pending Step 5b/Step 6.,,,,2
c_le_havre_ac_f11b1be2,,Le Havre AC,Le Havre AC,,,,,,,,,False,Merged aliases/source variants: Le Havre AC; Le Havre. Wikidata/league/city/stadium pending Step 5b/Step 6.,,,,3
c_lechia_gdansk_6dd6ea20,,Lechia Gdańsk,Lechia Gdansk,,,,,,,,,False,Wikidata/league/city/stadium pending Step 5b/Step 6.,,,,1
c_leeds_united_4d0a095e,,Leeds United F.C.,Leeds United F.C.,,,,,,,,,False,Wikidata/league/city/stadium pending Step 5b/Step 6. Merged Leeds + Leeds United,,,,4
c_leicester_city_1856e967,,Leicester City,Leicester City,,,,,,,,,False,Wikidata/league/city/stadium pending Step 5b/Step 6.,,,,3
c_lens_d18e9fd2,,Lens,Lens,,,,,,,,,False,Wikidata/league/city/stadium pending Step 5b/Step 6.,,,,4
c_leon_e09d3468,,León,Leon,,,,,,,,,False,Wikidata/league/city/stadium pending Step 5b/Step 6.,,,,1
c_levante_1173db37,,Levante,Levante,,,,,,,,,False,Wikidata/league/city/stadium pending Step 5b/Step 6.,,,,1
c_lille_5e95484f,,Lille,Lille,,,,,,,,,False,Wikidata/league/city/stadium pending Step 5b/Step 6.,,,,8
c_liverpool_53dacc53,,Liverpool,Liverpool,,,,,,,,,False,Wikidata/league/city/stadium pending Step 5b/Step 6.,,,,11
c_lokomotiv_moscow_d1e0d051,,Lokomotiv Moscow,Lokomotiv Moscow,,,,,,,,,False,Wikidata/league/city/stadium pending Step 5b/Step 6.,,,,1
c_lokomotiva_zagreb_5ede067f,,Lokomotiva Zagreb,Lokomotiva Zagreb,,,,,,,,,False,Wikidata/league/city/stadium pending Step 5b/Step 6.,,,,1
c_lorient_1d133ad3,,Lorient,Lorient,,,,,,,,,False,Wikidata/league/city/stadium pending Step 5b/Step 6.,,,,3
c_ludogorets_razgrad_596a7c7c,,Ludogorets Razgrad,Ludogorets Razgrad,,,,,,,,,False,Wikidata/league/city/stadium pending Step 5b/Step 6.,,,,1
c_lugano_b8a83086,,Lugano,Lugano,,,,,,,,,False,Wikidata/league/city/stadium pending Step 5b/Step 6.,,,,2
c_lyon_8ff8803d,,Lyon,Lyon,,,,,,,,,False,Wikidata/league/city/stadium pending Step 5b/Step 6.,,,,4
c_maccabi_haifa_f1b6b507,,Maccabi Haifa,Maccabi Haifa,,,,,,,,,False,Wikidata/league/city/stadium pending Step 5b/Step 6.,,,,2
c_maccabi_tel_aviv_8adccf32,,Maccabi Tel Aviv,Maccabi Tel Aviv,,,,,,,,,False,Wikidata/league/city/stadium pending Step 5b/Step 6.,,,,1
c_machida_zelvia_de40ad9f,,Machida Zelvia,Machida Zelvia,,,,,,,,,False,Wikidata/league/city/stadium pending Step 5b/Step 6.,,,,1
c_mainz_05_a2ff4aed,,Mainz 05,Mainz 05,,,,,,,,,False,Wikidata/league/city/stadium pending Step 5b/Step 6. Merged Mainz + Mainz 05,,,,5
c_malavan_5031d9ab,,Malavan,Malavan,,,,,,,,,False,Wikidata/league/city/stadium pending Step 5b/Step 6.,,,,1
c_mallorca_283c2cf0,,Mallorca,Mallorca,,,,,,,,,False,Wikidata/league/city/stadium pending Step 5b/Step 6.,,,,2
c_malmo_81e0c3a3,,Malmo,Malmo,,,,,,,,,False,Wikidata/league/city/stadium pending Step 5b/Step 6.,,,,1
c_mamelodi_sundowns_5ad1de31,,Mamelodi Sundowns,Mamelodi Sundowns,,,,,,,,,False,Wikidata/league/city/stadium pending Step 5b/Step 6.,,,,9
c_manchester_city_446c8158,,Manchester City,Manchester City,,,,,,,,,False,Wikidata/league/city/stadium pending Step 5b/Step 6.,,,,19
c_manchester_united_f05b841f,,Manchester United,Manchester United,,,,,,,,,False,Wikidata/league/city/stadium pending Step 5b/Step 6. Merged Man United + Manchester United,,,,12
c_marathon_947eb4c4,,Marathón,Marathon,,,,,,,,,False,Wikidata/league/city/stadium pending Step 5b/Step 6.,,,,1
c_marseille_8a6a0f84,,Marseille,Marseille,,,,,,,,,False,Wikidata/league/city/stadium pending Step 5b/Step 6.,,,,7
c_mazatlan_b76304f0,,Mazatlán,Mazatlan,,,,,,,,,False,Wikidata/league/city/stadium pending Step 5b/Step 6.,,,,1
c_melbourne_city_04bdf721,,Melbourne City,Melbourne City,,,,,,,,,False,Wikidata/league/city/stadium pending Step 5b/Step 6.,,,,3
c_melbourne_victory_7173b295,,Melbourne Victory,Melbourne Victory,,,,,,,,,False,Wikidata/league/city/stadium pending Step 5b/Step 6.,,,,1
c_miami_fc_86451741,,Miami FC,Miami FC,,,,,,,,,False,Wikidata/league/city/stadium pending Step 5b/Step 6.,,,,2
c_middlesbrough_8a024275,,Middlesbrough,Middlesbrough,,,,,,,,,False,Wikidata/league/city/stadium pending Step 5b/Step 6.,,,,2
c_millwall_9ef52a13,,Millwall,Millwall,,,,,,,,,False,Wikidata/league/city/stadium pending Step 5b/Step 6.,,,,1
c_minnesota_united_ec79d898,,Minnesota United,Minnesota United,,,,,,,,,False,Wikidata/league/city/stadium pending Step 5b/Step 6.,,,,3
c_mjallby_ba532087,,Mjallby,Mjallby,,,,,,,,,False,Wikidata/league/city/stadium pending Step 5b/Step 6.,,,,1
c_molde_c258d39b,,Molde,Molde,,,,,,,,,False,Wikidata/league/city/stadium pending Step 5b/Step 6.,,,,1
c_montana_45e96443,,Montana,Montana,,,,,,,,,False,Wikidata/league/city/stadium pending Step 5b/Step 6.,,,,1
c_monterrey_f10cf911,,Monterrey,Monterrey,,,,,,,,,False,Wikidata/league/city/stadium pending Step 5b/Step 6.,,,,1
c_montpellier_12bea8d1,,Montpellier,Montpellier,,,,,,,,,False,Wikidata/league/city/stadium pending Step 5b/Step 6.,,,,1
c_motherwell_8b7b9d25,,Motherwell,Motherwell,,,,,,,,,False,Wikidata/league/city/stadium pending Step 5b/Step 6.,,,,1
c_nancy_c55a4912,,Nancy,Nancy,,,,,,,,,False,Wikidata/league/city/stadium pending Step 5b/Step 6.,,,,1
c_nantes_f85b493e,,Nantes,Nantes,,,,,,,,,False,Wikidata/league/city/stadium pending Step 5b/Step 6.,,,,1
c_napoli_48cfbfde,,Napoli,Napoli,,,,,,,,,False,Wikidata/league/city/stadium pending Step 5b/Step 6.,,,,5
c_nasaf_92f9d239,,Nasaf,Nasaf,,,,,,,,,False,Wikidata/league/city/stadium pending Step 5b/Step 6.,,,,3
c_navbahor_c6d5cb2a,,Navbahor,Navbahor,,,,,,,,,False,Wikidata/league/city/stadium pending Step 5b/Step 6.,,,,1
c_nec_nijmegen_5eeb954a,,NEC Nijmegen,NEC Nijmegen,,,,,,,,,False,Wikidata/league/city/stadium pending Step 5b/Step 6.,,,,2
c_neftchi_0cda2dd5,,Neftchi,Neftchi,,,,,,,,,False,Wikidata/league/city/stadium pending Step 5b/Step 6.,,,,2
c_neom_dd0f566d,,Neom,Neom,,,,,,,,,False,Wikidata/league/city/stadium pending Step 5b/Step 6.,,,,1
c_new_england_revolution_d4ef9fc5,,New England Revolution,New England Revolution,,,,,,,,,False,Wikidata/league/city/stadium pending Step 5b/Step 6.,,,,1
c_new_york_city_fc_d53241ec,,New York City FC,New York City FC,,,,,,,,,False,Wikidata/league/city/stadium pending Step 5b/Step 6.,,,,3
c_newcastle_jets_131175aa,,Newcastle Jets,Newcastle Jets,,,,,,,,,False,Wikidata/league/city/stadium pending Step 5b/Step 6.,,,,1
c_newcastle_united_492af7e1,,Newcastle United,Newcastle United,,,,,,,,,False,Merged aliases/source variants: Newcastle United; Newcastle. Wikidata/league/city/stadium pending Step 5b/Step 6.,,,,8
c_nice_a83a802d,,Nice,Nice,,,,,,,,,False,Wikidata/league/city/stadium pending Step 5b/Step 6.,,,,8
c_nk_maribor_feb9d4ad,,NK Maribor,NK Maribor,,,,,,,,,False,Merged aliases/source variants: NK Maribor; Maribor. Wikidata/league/city/stadium pending Step 5b/Step 6.,,,,2
c_nordsjaelland_485bda61,,Nordsjaelland,Nordsjaelland,,,,,,,,,False,Wikidata/league/city/stadium pending Step 5b/Step 6.,,,,1
c_norwich_city_9bfbedcc,,Norwich City,Norwich City,,,,,,,,,False,Merged aliases/source variants: Norwich City; Norwich. Wikidata/league/city/stadium pending Step 5b/Step 6.,,,,5
c_nottingham_forest_a950aa00,,Nottingham Forest,Nottingham Forest,,,,,,,,,False,Wikidata/league/city/stadium pending Step 5b/Step 6.,,,,6
c_olimpia_aed7596a,,Olimpia,Olimpia,,,,,,,,,False,Wikidata/league/city/stadium pending Step 5b/Step 6.,,,,1
c_olympiacos_41b104a8,,Olympiacos,Olympiacos,,,,,,,,,False,Wikidata/league/city/stadium pending Step 5b/Step 6.,,,,2
c_omonia_6a13a5a4,,Omonia,Omonia,,,,,,,,,False,Wikidata/league/city/stadium pending Step 5b/Step 6.,,,,1
c_orlando_city_33cea553,,Orlando City,Orlando City,,,,,,,,,False,Wikidata/league/city/stadium pending Step 5b/Step 6.,,,,3
c_orlando_pirates_1c8e17d1,,Orlando Pirates,Orlando Pirates,,,,,,,,,False,Wikidata/league/city/stadium pending Step 5b/Step 6.,,,,8
c_osasuna_f20766a6,,Osasuna,Osasuna,,,,,,,,,False,Wikidata/league/city/stadium pending Step 5b/Step 6.,,,,2
c_pachuca_a4c33119,,Pachuca,Pachuca,,,,,,,,,False,Wikidata/league/city/stadium pending Step 5b/Step 6.,,,,1
c_pafos_0aaaf55f,,Pafos,Pafos,,,,,,,,,False,Wikidata/league/city/stadium pending Step 5b/Step 6.,,,,3
c_pakhtakor_52dbbda0,,Pakhtakor,Pakhtakor,,,,,,,,,False,Wikidata/league/city/stadium pending Step 5b/Step 6.,,,,4
c_palmeiras_a7b8813c,,Palmeiras,Palmeiras,,,,,,,,,False,Wikidata/league/city/stadium pending Step 5b/Step 6.,,,,7
c_panathinaikos_36cb748c,,Panathinaikos,Panathinaikos,,,,,,,,,False,Wikidata/league/city/stadium pending Step 5b/Step 6.,,,,2
c_paok_d88141c2,,PAOK,PAOK,,,,,,,,,False,Merged aliases/source variants: PAOK; PAOK Salonika. Wikidata/league/city/stadium pending Step 5b/Step 6.,,,,2
c_pari_nizhny_novgorod_1b7306d2,,Pari Nizhny Novgorod,Pari Nizhny Novgorod,,,,,,,,,False,Wikidata/league/city/stadium pending Step 5b/Step 6.,,,,1
c_paris_fc_4acde809,,Paris FC,Paris FC,,,,,,,,,False,Wikidata/league/city/stadium pending Step 5b/Step 6.,,,,1
c_paris_saint_germain_e38062ac,,Paris Saint-Germain,Paris Saint-Germain,,,,,,,,,False,Merged aliases/source variants: Paris Saint-Germain; Paris Saint-Germian. Wikidata/league/city/stadium pending Step 5b/Step 6.,,,,12
c_parma_9553b2a1,,Parma,Parma,,,,,,,,,False,Wikidata/league/city/stadium pending Step 5b/Step 6.,,,,2
c_pec_zwolle_79d3df3c,,PEC Zwolle,PEC Zwolle,,,,,,,,,False,Wikidata/league/city/stadium pending Step 5b/Step 6.,,,,3
c_persepolis_5a29c9d4,,Persepolis,Persepolis,,,,,,,,,False,Wikidata/league/city/stadium pending Step 5b/Step 6.,,,,7
c_peterborough_united_fc1a3742,,Peterborough United,Peterborough United,,,,,,,,,False,Wikidata/league/city/stadium pending Step 5b/Step 6.,,,,1
c_philadelphia_union_e87259be,,Philadelphia Union,Philadelphia Union,,,,,,,,,False,Wikidata/league/city/stadium pending Step 5b/Step 6.,,,,2
c_pisa_758b9ea7,,Pisa,Pisa,,,,,,,,,False,Wikidata/league/city/stadium pending Step 5b/Step 6.,,,,1
c_plaza_amador_6faeaf34,,Plaza Amador,Plaza Amador,,,,,,,,,False,Wikidata/league/city/stadium pending Step 5b/Step 6.,,,,2
c_pogon_szczecin_1d372b0b,,Pogoń Szczecin,Pogon Szczecin,,,,,,,,,False,Wikidata/league/city/stadium pending Step 5b/Step 6.,,,,1
c_polokwane_city_006c1372,,Polokwane City,Polokwane City,,,,,,,,,False,Wikidata/league/city/stadium pending Step 5b/Step 6.,,,,1
c_port_fc_fe67c888,,Port FC,Port FC,,,,,,,,,False,Wikidata/league/city/stadium pending Step 5b/Step 6.,,,,2
c_port_vale_8b7668ca,,Port Vale,Port Vale,,,,,,,,,False,Wikidata/league/city/stadium pending Step 5b/Step 6.,,,,1
c_portland_timbers_8e92581e,,Portland Timbers,Portland Timbers,,,,,,,,,False,Wikidata/league/city/stadium pending Step 5b/Step 6.,,,,1
c_porto_09de765a,,Porto,Porto,,,,,,,,,False,Wikidata/league/city/stadium pending Step 5b/Step 6.,,,,3
c_portsmouth_0f979b99,,Portsmouth,Portsmouth,,,,,,,,,False,Wikidata/league/city/stadium pending Step 5b/Step 6.,,,,1
c_psg_7fc479b7,,PSG,PSG,,,,,,,,,False,Wikidata/league/city/stadium pending Step 5b/Step 6.,,,,4
c_psv_eindhoven_143e5a85,,PSV Eindhoven,PSV Eindhoven,,,,,,,,,False,Merged aliases/source variants: PSV Eindhoven; PSV. Wikidata/league/city/stadium pending Step 5b/Step 6.,,,,9
c_puerto_cabello_c8843033,,Puerto Cabello,Puerto Cabello,,,,,,,,,False,Wikidata/league/city/stadium pending Step 5b/Step 6.,,,,1
c_pumas_unam_e7fbb47a,,Pumas UNAM,Pumas UNAM,,,,,,,,,False,Merged aliases/source variants: Pumas UNAM; Pumas. Wikidata/league/city/stadium pending Step 5b/Step 6.,,,,3
c_puskas_akademia_2653805d,,Puskas Akademia,Puskas Akademia,,,,,,,,,False,Wikidata/league/city/stadium pending Step 5b/Step 6.,,,,1
c_pyramids_fc_7ade8ddc,,Pyramids FC,Pyramids FC,,,,,,,,,False,Merged aliases/source variants: Pyramids FC; Pyramids. Wikidata/league/city/stadium pending Step 5b/Step 6.,,,,5
c_qatar_sc_fd8bd006,,Qatar SC,Qatar SC,,,,,,,,,False,Wikidata/league/city/stadium pending Step 5b/Step 6.,,,,1
c_racing_genk_584dd89f,,Racing Genk,Racing Genk,,,,,,,,,False,Wikidata/league/city/stadium pending Step 5b/Step 6.,,,,2
c_racing_santander_99beb36e,,Racing Santander,Racing Santander,,,,,,,,,False,Wikidata/league/city/stadium pending Step 5b/Step 6.,,,,1
c_raja_casablanca_f3222cae,,Raja Casablanca,Raja Casablanca,,,,,,,,,False,Wikidata/league/city/stadium pending Step 5b/Step 6.,,,,1
c_randers_fc_3128e118,,Randers FC,Randers FC,,,,,,,,,False,Wikidata/league/city/stadium pending Step 5b/Step 6.,,,,1
c_rangers_8ee581e0,,Rangers F.C.,Rangers F.C.,,,,,,,,,False,Step 5 manual correction: Lawrence Shankland reassigned from source-listed Hearts to Rangers F.C. Step 5 manual review canonical rename from 'Rangers' to 'Rangers F.C.'. Wikidata/league/city/stadium pending Step 5b/Step 6.,,,,6
c_rayo_vallecano_bb03fdc6,,Rayo Vallecano,Rayo Vallecano,,,,,,,,,False,Wikidata/league/city/stadium pending Step 5b/Step 6.,,,,2
c_rb_leipzig_e10cc5a3,,RB Leipzig,RB Leipzig,,,,,,,,,False,Wikidata/league/city/stadium pending Step 5b/Step 6.,,,,6
c_rb_salzburg_64bce3ab,,RB Salzburg,RB Salzburg,,,,,,,,,False,Wikidata/league/city/stadium pending Step 5b/Step 6.,,,,2
c_real_betis_c81a1b80,,Real Betis,Real Betis,,,,,,,,,False,Wikidata/league/city/stadium pending Step 5b/Step 6.,,,,7
c_real_madrid_abbd0333,,Real Madrid,Real Madrid,,,,,,,,,False,Wikidata/league/city/stadium pending Step 5b/Step 6.,,,,10
c_real_oviedo_11854497,,Real Oviedo,Real Oviedo,,,,,,,,,False,Wikidata/league/city/stadium pending Step 5b/Step 6.,,,,3
c_real_salt_lake_59b0db81,,Real Salt Lake,Real Salt Lake,,,,,,,,,False,Wikidata/league/city/stadium pending Step 5b/Step 6.,,,,1
c_real_sociedad_495967fa,,Real Sociedad,Real Sociedad,,,,,,,,,False,Wikidata/league/city/stadium pending Step 5b/Step 6.,,,,5
c_red_bull_bragantino_35c794b1,,Red Bull Bragantino,Red Bull Bragantino,,,,,,,,,False,Wikidata/league/city/stadium pending Step 5b/Step 6.,,,,1
c_red_star_belgrade_ff44e45e,,Red Star Belgrade,Red Star Belgrade,,,,,,,,,False,Wikidata/league/city/stadium pending Step 5b/Step 6.,,,,2
c_reims_580a1e88,,Stade de Reims,Stade de Reims,,,,,,,,,False,Wikidata/league/city/stadium pending Step 5b/Step 6.,,,,1
c_rennes_2c434c1a,,Rennes,Rennes,,,,,,,,,False,Wikidata/league/city/stadium pending Step 5b/Step 6.,,,,3
c_rijeka_f02178d7,,Rijeka,Rijeka,,,,,,,,,False,Wikidata/league/city/stadium pending Step 5b/Step 6.,,,,3
c_river_plate_6e5bb3c0,,River Plate,River Plate,,,,,,,,,False,Wikidata/league/city/stadium pending Step 5b/Step 6.,,,,5
c_rkc_waalwijk_6a7da517,,RKC Waalwijk,RKC Waalwijk,,,,,,,,,False,Wikidata/league/city/stadium pending Step 5b/Step 6.,,,,2
c_rosario_central_d0d1a866,,Rosario Central,Rosario Central,,,,,,,,,False,Wikidata/league/city/stadium pending Step 5b/Step 6.,,,,1
c_rostovv_302a24f4,,Rostovv,Rostovv,,,,,,,,,False,Wikidata/league/city/stadium pending Step 5b/Step 6.,,,,1
c_rotherham_united_58431265,,Rotherham United,Rotherham United,,,,,,,,,False,Wikidata/league/city/stadium pending Step 5b/Step 6.,,,,1
c_rs_berkane_416671b0,,RS Berkane,RS Berkane,,,,,,,,,False,Wikidata/league/city/stadium pending Step 5b/Step 6.,,,,1
c_sabah_53be0096,,Sabah,Sabah,,,,,,,,,False,Wikidata/league/city/stadium pending Step 5b/Step 6.,,,,1
c_saint_etienne_d88dbceb,,Saint-Étienne,Saint-Etienne,,,,,,,,,False,Wikidata/league/city/stadium pending Step 5b/Step 6.,,,,2
c_sampdoria_044fe5ce,,Sampdoria,Sampdoria,,,,,,,,,False,Wikidata/league/city/stadium pending Step 5b/Step 6.,,,,1
c_samsunspor_f4b482dc,,Samsunspor,Samsunspor,,,,,,,,,False,Wikidata/league/city/stadium pending Step 5b/Step 6.,,,,1
c_san_diego_fc_ee29e222,,San Diego FC,San Diego FC,,,,,,,,,False,Wikidata/league/city/stadium pending Step 5b/Step 6.,,,,2
c_san_lorenzo_e834d80a,,San Lorenzo,San Lorenzo,,,,,,,,,False,Wikidata/league/city/stadium pending Step 5b/Step 6.,,,,1
c_sanfrecce_hiroshima_aa29b48c,,Sanfrecce Hiroshima,Sanfrecce Hiroshima,,,,,,,,,False,Wikidata/league/city/stadium pending Step 5b/Step 6.,,,,1
c_santos_6c3780f0,,Santos FC,Santos FC,,,,,,,,,False,Step 5 manual review canonical rename from 'Santos' to 'Santos FC'. Wikidata/league/city/stadium pending Step 5b/Step 6.,,,,1
c_santos_laguna_ed9ddc90,,Santos Laguna,Santos Laguna,,,,,,,,,False,Wikidata/league/city/stadium pending Step 5b/Step 6.,,,,1
c_sao_paulo_512a018c,,São Paulo,Sao Paulo,,,,,,,,,False,Wikidata/league/city/stadium pending Step 5b/Step 6.,,,,1
c_saprissa_cd3d610c,,Saprissa,Saprissa,,,,,,,,,False,Wikidata/league/city/stadium pending Step 5b/Step 6.,,,,2
c_sarpsborg_08_6a2fb396,,Sarpsborg 08,Sarpsborg 08,,,,,,,,,False,Wikidata/league/city/stadium pending Step 5b/Step 6.,,,,1
c_sassuolo_3722fef4,,Sassuolo,Sassuolo,,,,,,,,,False,Wikidata/league/city/stadium pending Step 5b/Step 6.,,,,4
c_sc_freiburg_9f1ecdb8,,SC Freiburg,SC Freiburg,,,,,,,,,False,Merged aliases/source variants: SC Freiburg; Freiburg. Wikidata/league/city/stadium pending Step 5b/Step 6.,,,,4
c_schalke_04_aa80f339,,Schalke 04,Schalke 04,,,,,,,,,False,Wikidata/league/city/stadium pending Step 5b/Step 6.,,,,2
c_seattle_sounders_0333969a,,Seattle Sounders,Seattle Sounders,,,,,,,,,False,Wikidata/league/city/stadium pending Step 5b/Step 6.,,,,1
c_selangor_87052893,,Selangor,Selangor,,,,,,,,,False,Wikidata/league/city/stadium pending Step 5b/Step 6.,,,,2
c_sepahan_23598738,,Sepahan,Sepahan,,,,,,,,,False,Wikidata/league/city/stadium pending Step 5b/Step 6.,,,,3
c_servette_d3e58f94,,Servette,Servette,,,,,,,,,False,Wikidata/league/city/stadium pending Step 5b/Step 6.,,,,1
c_sevilla_199198e5,,Sevilla,Sevilla,,,,,,,,,False,Wikidata/league/city/stadium pending Step 5b/Step 6.,,,,3
c_shabab_al_ahli_7bfa5689,,Shabab Al Ahli Club,Shabab Al Ahli Club,,,,,,,,,False,Step 5 manual review canonical rename from 'Shabab Al-Ahli' to 'Shabab Al Ahli Club'. Wikidata/league/city/stadium pending Step 5b/Step 6.,,,,1
c_shamrock_rovers_2cdea59c,,Shamrock Rovers,Shamrock Rovers,,,,,,,,,False,Wikidata/league/city/stadium pending Step 5b/Step 6.,,,,1
c_sharjah_dab7481c,,Sharjah,Sharjah,,,,,,,,,False,Wikidata/league/city/stadium pending Step 5b/Step 6.,,,,1
c_sheffield_united_03747276,,Sheffield United,Sheffield United,,,,,,,,,False,Wikidata/league/city/stadium pending Step 5b/Step 6.,,,,1
c_sigma_olomouc_9866567d,,Sigma Olomouc,Sigma Olomouc,,,,,,,,,False,Wikidata/league/city/stadium pending Step 5b/Step 6.,,,,1
c_silkeborg_if_f15d8622,,Silkeborg IF,Silkeborg IF,,,,,,,,,False,Wikidata/league/city/stadium pending Step 5b/Step 6.,,,,1
c_sint_truiden_eb30716d,,Sint-Truiden,Sint-Truiden,,,,,,,,,False,Wikidata/league/city/stadium pending Step 5b/Step 6.,,,,2
c_sjk_4111de11,,SJK,SJK,,,,,,,,,False,Wikidata/league/city/stadium pending Step 5b/Step 6.,,,,1
c_slaven_belupo_a67f2dfc,,Slaven Belupo,Slaven Belupo,,,,,,,,,False,Wikidata/league/city/stadium pending Step 5b/Step 6.,,,,1
c_slavia_prague_6def6306,,Slavia Prague,Slavia Prague,,,,,,,,,False,Wikidata/league/city/stadium pending Step 5b/Step 6.,,,,10
c_slovan_bratislava_8e855156,,Slovan Bratislava,Slovan Bratislava,,,,,,,,,False,Wikidata/league/city/stadium pending Step 5b/Step 6.,,,,1
c_slovan_liberec_d17c3872,,Slovan Liberec,Slovan Liberec,,,,,,,,,False,Wikidata/league/city/stadium pending Step 5b/Step 6.,,,,1
c_sochaux_ac407c94,,Sochaux,Sochaux,,,,,,,,,False,Wikidata/league/city/stadium pending Step 5b/Step 6.,,,,1
c_southampton_1d40f1fa,,Southampton,Southampton,,,,,,,,,False,Wikidata/league/city/stadium pending Step 5b/Step 6.,,,,2
c_sparta_prague_8236520c,,Sparta Prague,Sparta Prague,,,,,,,,,False,Wikidata/league/city/stadium pending Step 5b/Step 6.,,,,3
c_sparta_rotterdam_15c16fb0,,Sparta Rotterdam,Sparta Rotterdam,,,,,,,,,False,Wikidata/league/city/stadium pending Step 5b/Step 6.,,,,1
c_spartak_moscow_24492656,,Spartak Moscow,Spartak Moscow,,,,,,,,,False,Wikidata/league/city/stadium pending Step 5b/Step 6.,,,,1
c_sporting_cp_68d8c4d1,,Sporting CP,Sporting CP,,,,,,,,,False,Merged aliases/source variants: Sporting CP; Sporting Lisbon. Wikidata/league/city/stadium pending Step 5b/Step 6.,,,,8
c_st_gallen_c9354c56,,St Gallen,St Gallen,,,,,,,,,False,Wikidata/league/city/stadium pending Step 5b/Step 6.,,,,1
c_st_patrick_s_athletic_b41b37bf,,St Patrick's Athletic,St Patrick's Athletic,,,,,,,,,False,Wikidata/league/city/stadium pending Step 5b/Step 6.,,,,1
c_st_pauli_b81e5622,,St. Pauli,St. Pauli,,,,,,,,,False,Merged aliases/source variants: St. Pauli; St Pauli. Wikidata/league/city/stadium pending Step 5b/Step 6.,,,,4
c_stade_nyonnaise_d6f19ad2,,Stade Nyonnaise,Stade Nyonnaise,,,,,,,,,False,Wikidata/league/city/stadium pending Step 5b/Step 6.,,,,1
c_stade_rennais_c98241a9,,Stade Rennais,Stade Rennais,,,,,,,,,False,Wikidata/league/city/stadium pending Step 5b/Step 6.,,,,1
c_standard_liege_3e26b5d7,,Standard Liege,Standard Liege,,,,,,,,,False,Wikidata/league/city/stadium pending Step 5b/Step 6.,,,,2
c_stoke_city_320b8e5a,,Stoke City,Stoke City,,,,,,,,,False,Wikidata/league/city/stadium pending Step 5b/Step 6.,,,,2
c_strasbourg_ec14fe17,,Strasbourg,Strasbourg,,,,,,,,,False,Wikidata/league/city/stadium pending Step 5b/Step 6.,,,,6
c_strmsgodset_8b9d1286,,Strømsgodset,Stromsgodset,,,,,,,,,False,Wikidata/league/city/stadium pending Step 5b/Step 6.,,,,1
c_sunderland_4aa579a0,,Sunderland,Sunderland,,,,,,,,,False,Wikidata/league/city/stadium pending Step 5b/Step 6.,,,,9
c_surkhon_b0fc6235,,Surkhon,Surkhon,,,,,,,,,False,Wikidata/league/city/stadium pending Step 5b/Step 6.,,,,1
c_swansea_city_40d4171f,,Swansea City,Swansea City,,,,,,,,,False,Wikidata/league/city/stadium pending Step 5b/Step 6.,,,,3
c_sydney_fc_46493459,,Sydney FC,Sydney FC,,,,,,,,,False,Wikidata/league/city/stadium pending Step 5b/Step 6.,,,,1
c_talleres_44a8f91d,,Talleres,Talleres,,,,,,,,,False,Wikidata/league/city/stadium pending Step 5b/Step 6.,,,,1
c_telstar_e85327be,,Telstar,Telstar,,,,,,,,,False,Wikidata/league/city/stadium pending Step 5b/Step 6.,,,,2
c_terengganu_3785b314,,Terengganu,Terengganu,,,,,,,,,False,Wikidata/league/city/stadium pending Step 5b/Step 6.,,,,1
c_tigres_uanl_6d3f0914,,Tigres UANL,Tigres UANL,,,,,,,,,False,Merged aliases/source variants: Tigres UANL; Tigres. Wikidata/league/city/stadium pending Step 5b/Step 6.,,,,2
c_toluca_a5d0edbb,,Toluca,Toluca,,,,,,,,,False,Wikidata/league/city/stadium pending Step 5b/Step 6.,,,,2
c_tondela_897c0be8,,Tondela,Tondela,,,,,,,,,False,Wikidata/league/city/stadium pending Step 5b/Step 6.,,,,1
c_torino_3891b778,,Torino,Torino,,,,,,,,,False,Wikidata/league/city/stadium pending Step 5b/Step 6.,,,,3
c_toronto_fc_801d96b3,,Toronto FC,Toronto FC,,,,,,,,,False,Wikidata/league/city/stadium pending Step 5b/Step 6.,,,,3
c_torreense_d5f6f333,,Torreense,Torreense,,,,,,,,,False,Wikidata/league/city/stadium pending Step 5b/Step 6.,,,,1
c_tottenham_hotspur_ef01ee61,,Tottenham Hotspur,Tottenham Hotspur,,,,,,,,,False,Merged aliases/source variants: Tottenham Hotspur; Tottenham. Wikidata/league/city/stadium pending Step 5b/Step 6. Merged Tottehham + Tottenham Hotspur,,,,8
c_toulouse_68472eee,,Toulouse,Toulouse,,,,,,,,,False,Wikidata/league/city/stadium pending Step 5b/Step 6.,,,,1
c_trabzonspor_15246eeb,,Trabzonspor,Trabzonspor,,,,,,,,,False,Wikidata/league/city/stadium pending Step 5b/Step 6.,,,,2
c_tractor_b739a166,,Tractor,Tractor,,,,,,,,,False,Wikidata/league/city/stadium pending Step 5b/Step 6.,,,,4
c_tsg_hoffenheim_7dd7fd83,,TSG Hoffenheim,TSG Hoffenheim,,,,,,,,,False,Merged aliases/source variants: TSG Hoffenheim; Hoffenheim. Wikidata/league/city/stadium pending Step 5b/Step 6.,,,,8
c_turan_tovuz_b1656aa6,,Turan Tovuz,Turan Tovuz,,,,,,,,,False,Wikidata/league/city/stadium pending Step 5b/Step 6.,,,,1
c_udinese_e4d6ce7e,,Udinese,Udinese,,,,,,,,,False,Wikidata/league/city/stadium pending Step 5b/Step 6.,,,,1
c_ulsan_hd_cd5a3dd8,,Ulsan HD,Ulsan HD,,,,,,,,,False,Wikidata/league/city/stadium pending Step 5b/Step 6.,,,,2
c_union_berlin_3b0a5205,,Union Berlin,Union Berlin,,,,,,,,,False,Wikidata/league/city/stadium pending Step 5b/Step 6.,,,,1
c_union_st_gilloise_b8dea71a,,Union St.-Gilloise,Union St.-Gilloise,,,,,,,,,False,Merged aliases/source variants: Union St.-Gilloise; Royale-Union Saint Gilloise; Union St-Gilloise. Wikidata/league/city/stadium pending Step 5b/Step 6.,,,,3
c_universidad_catolica_f9dd891a,,Universidad Católica,Universidad Catolica,,,,,,,,,False,Wikidata/league/city/stadium pending Step 5b/Step 6.,,,,2
c_universidad_de_concepcion_56e01dcd,,Universidad de Concepción,Universidad de Concepcion,,,,,,,,,False,Wikidata/league/city/stadium pending Step 5b/Step 6.,,,,1
c_universitatea_cluj_3ac82d3c,,Universitatea Cluj,Universitatea Cluj,,,,,,,,,False,Wikidata/league/city/stadium pending Step 5b/Step 6.,,,,1
c_us_monastir_e0705e0c,,US Monastir,US Monastir,,,,,,,,,False,Wikidata/league/city/stadium pending Step 5b/Step 6.,,,,1
c_usm_alger_1a6b6d83,,USM Alger,USM Alger,,,,,,,,,False,Wikidata/league/city/stadium pending Step 5b/Step 6.,,,,2
c_valencia_b00a061d,,Valencia,Valencia,,,,,,,,,False,Wikidata/league/city/stadium pending Step 5b/Step 6.,,,,1
c_vancouver_whitecaps_584ec8d5,,Vancouver Whitecaps,Vancouver Whitecaps,,,,,,,,,False,Wikidata/league/city/stadium pending Step 5b/Step 6.,,,,3
c_vasco_da_gama_ebb987d1,,Vasco da Gama,Vasco da Gama,,,,,,,,,False,Wikidata/league/city/stadium pending Step 5b/Step 6.,,,,1
c_velez_sarsfield_1118a976,,Vélez Sarsfield,Velez Sarsfield,,,,,,,,,False,Wikidata/league/city/stadium pending Step 5b/Step 6.,,,,1
c_venezia_e31ee20d,,Venezia,Venezia,,,,,,,,,False,Wikidata/league/city/stadium pending Step 5b/Step 6.,,,,2
c_verona_28485fcd,,Verona,Verona,,,,,,,,,False,Wikidata/league/city/stadium pending Step 5b/Step 6.,,,,1
c_vfb_stuttgart_79e41bee,,VfB Stuttgart,VfB Stuttgart,,,,,,,,,False,Merged aliases/source variants: VfB Stuttgart; Stuttgart. Wikidata/league/city/stadium pending Step 5b/Step 6.,,,,8
c_vfl_wolfsburg_6bff9162,,VfL Wolfsburg,VfL Wolfsburg,,,,,,,,,False,Merged aliases/source variants: VfL Wolfsburg; Wolfsburg. Wikidata/league/city/stadium pending Step 5b/Step 6.,,,,5
c_viking_fk_ff9c46f0,,Viking FK,Viking FK,,,,,,,,,False,Merged aliases/source variants: Viking FK; Viking. Wikidata/league/city/stadium pending Step 5b/Step 6.,,,,2
c_viktoria_plzen_c3cb1557,,Viktoria Plzen,Viktoria Plzen,,,,,,,,,False,Wikidata/league/city/stadium pending Step 5b/Step 6.,,,,8
c_villarreal_edfbe376,,Villarreal,Villarreal,,,,,,,,,False,Wikidata/league/city/stadium pending Step 5b/Step 6.,,,,8
c_violette_080fcd22,,Violette,Violette,,,,,,,,,False,Wikidata/league/city/stadium pending Step 5b/Step 6.,,,,1
c_vitoria_guimaraes_bdab72bf,,Vitoria Guimaraes,Vitoria Guimaraes,,,,,,,,,False,Wikidata/league/city/stadium pending Step 5b/Step 6.,,,,1
c_vizela_63e8bfe2,,Vizela,Vizela,,,,,,,,,False,Wikidata/league/city/stadium pending Step 5b/Step 6.,,,,2
c_volendam_44039ff3,,Volendam,Volendam,,,,,,,,,False,Wikidata/league/city/stadium pending Step 5b/Step 6.,,,,2
c_vvv_venlo_83a25ec0,,VVV Venlo,VVV Venlo,,,,,,,,,False,Wikidata/league/city/stadium pending Step 5b/Step 6.,,,,1
c_watford_149fe9eb,,Watford,Watford,,,,,,,,,False,Wikidata/league/city/stadium pending Step 5b/Step 6.,,,,3
c_wellington_phoenix_dcacb02d,,Wellington Phoenix,Wellington Phoenix,,,,,,,,,False,Wikidata/league/city/stadium pending Step 5b/Step 6.,,,,3
c_werder_bremen_a11ab9ed,,Werder Bremen,Werder Bremen,,,,,,,,,False,Wikidata/league/city/stadium pending Step 5b/Step 6.,,,,3
c_west_ham_united_0b178664,,West Ham United,West Ham United,,,,,,,,,False,Merged aliases/source variants: West Ham United; West Ham. Wikidata/league/city/stadium pending Step 5b/Step 6.,,,,4
c_western_sydney_wanderers_ad68f75f,,Western Sydney Wanderers,Western Sydney Wanderers,,,,,,,,,False,Wikidata/league/city/stadium pending Step 5b/Step 6.,,,,1
c_widzew_odz_934a5145,,Widzew Łódź,Widzew Lodz,,,,,,,,,False,Wikidata/league/city/stadium pending Step 5b/Step 6.,,,,1
c_wolfsberger_ac_ca70d247,,Wolfsberger AC,Wolfsberger AC,,,,,,,,,False,Wikidata/league/city/stadium pending Step 5b/Step 6.,,,,1
c_wolverhampton_wanderers_1e3d8f9f,,Wolverhampton Wanderers,Wolverhampton Wanderers,,,,,,,,,False,Merged aliases/source variants: Wolverhampton Wanderers; Wolverhampton. Wikidata/league/city/stadium pending Step 5b/Step 6.,,,,6
c_wrexham_5a7883b4,,Wrexham A.F.C.,Wrexham A.F.C.,,,,,,,,,False,Wikidata/league/city/stadium pending Step 5b/Step 6.,,,,2
c_young_boys_d33c77d6,,Young Boys,Young Boys,,,,,,,,,False,Wikidata/league/city/stadium pending Step 5b/Step 6.,,,,6
c_zamalek_b40573d7,,Zamalek,Zamalek,,,,,,,,,False,Wikidata/league/city/stadium pending Step 5b/Step 6.,,,,4
c_zed_2700337e,,ZED FC,ZED FC,,,,,,,,,False,Wikidata/league/city/stadium pending Step 5b/Step 6.,,,,1
c_zenit_st_petersburg_0976e8e0,,Zenit St. Petersburg,Zenit St. Petersburg,,,,,,,,,False,Wikidata/league/city/stadium pending Step 5b/Step 6.,,,,2
c_zhejiang_fc_d944dab0,,Zhejiang FC,Zhejiang FC,,,,,,,,,False,Wikidata/league/city/stadium pending Step 5b/Step 6.,,,,1
c_zulte_waregem_051e6315,,Zulte Waregem,Zulte Waregem,,,,,,,,,False,Wikidata/league/city/stadium pending Step 5b/Step 6.,,,,1
c_zurich_d276e926,,Zurich,Zurich,,,,,,,,,False,Wikidata/league/city/stadium pending Step 5b/Step 6.,,,,1
