rank,player_name,team_code,position,goals,assists,minutes_played
1,Kylian Mbappe,FRA,FW,8,3,563
2,Lionel Messi,ARG,FW,8,2,608
3,Erling Haaland,NOR,FW,7,0,537
4,Jude Bellingham,ENG,MF,6,1,574
5,Harry Kane,ENG,FW,6,1,627
6,Ousmane Dembele,FRA,FW,5,2,492
7,Ismaila Sarr,SEN,FW,4,1,419
8,Julian Quinones,MEX,FW,4,1,440
9,Vinicius Junior,BRA,FW,4,1,505
10,Mikel Oyarzabal,ESP,FW,4,1,519
11,Deniz Undav,GER,FW,3,2,174
12,Johan Manzambi,SUI,MF,3,2,220
13,Romelu Lukaku,BEL,FW,3,1,279
14,Charles De Ketelaere,BEL,FW,3,1,385
15,Cody Gakpo,NED,FW,3,1,394
16,Brian Brobbey,NED,FW,3,0,245
17,Elijah Just,NZL,MF,3,0,291
18,Matheus Cunha,BRA,FW,3,0,324
19,Folarin Balogun,USA,FW,3,0,348
20,Raul Jimenez,MEX,FW,3,0,348
21,Kai Havertz,GER,FW,3,0,392
22,Yoane Wissa,COD,FW,3,0,409
23,Ismael Saibari,MAR,MF,3,0,411
24,Jonathan David,CAN,FW,3,0,475
25,Cristiano Ronaldo,POR,FW,3,0,490
26,Crysencio Summerville,NED,FW,2,2,282
27,Breel Embolo,SUI,FW,2,2,531
28,Leandro Trossard,BEL,FW,2,2,561
29,Soufiane Rahimi,MAR,FW,2,1,215
30,Nicolas Pepe,CIV,FW,2,1,255
31,Pape Gueye,SEN,MF,2,1,257
32,Maxi Araujo,URU,MF,2,1,278
33,Riyad Mahrez,ALG,FW,2,1,288
34,Ramin Rezaeian,IRN,DF,2,1,309
35,Ruben Vargas,SUI,FW,2,1,314
36,Bradley Barcola,FRA,FW,2,1,316
37,Lautaro Martinez,ARG,FW,2,1,347
38,Ayase Ueda,JPN,FW,2,1,349
39,Mostafa Zico,EGY,MF,2,1,398
40,Malik Tillman,USA,MF,2,1,415
41,Ermin Mahmic,BIH,MF,2,0,88
42,Habib Diarra,SEN,MF,2,0,168
43,Marko Arnautovic,AUT,FW,2,0,173
44,Mikel Merino,ESP,MF,2,0,180
45,Amad Diallo,CIV,FW,2,0,211
46,Cyle Larin,CAN,FW,2,0,224
47,Anthony Elanga,SWE,FW,2,0,247
48,Daichi Kamada,JPN,MF,2,0,359
49,Yasin Ayari,SWE,MF,2,0,371
50,Emam Ashour,EGY,MF,2,0,395
51,Dan Ndoye,SUI,FW,2,0,437
52,Daniel Munoz,COL,DF,2,0,451
53,Azzedine Ounahi,MAR,MF,2,0,477
54,Youri Tielemans,BEL,MF,2,0,538
55,Andreas Schjelderup,NOR,MF,1,3,297
56,Alexander Isak,SWE,FW,1,3,389
57,Iliman Ndiaye,SEN,FW,1,2,134
58,Nathan Saliba,CAN,MF,1,2,206
59,Hans Vanaken,BEL,MF,1,2,362
60,Viktor Gyokeres,SWE,FW,1,2,400
61,Julio Enciso,PAR,FW,1,2,431
62,Mohamed Salah,EGY,FW,1,2,469
63,Achraf Hakimi,MAR,DF,1,2,650
64,Promise David,CAN,FW,1,1,105
65,Baris Alper Yilmaz,TUR,FW,1,1,200
66,Rafael Leao,POR,FW,1,1,203
67,Trezeguet,EGY,FW,1,1,204
68,Mousa Altamari,JOR,FW,1,1,230
69,Sebastian Berhalter,USA,MF,1,1,231
70,Luis Romo,MEX,MF,1,1,284
71,Hwang Inbeom,KOR,MF,1,1,286
72,Felix Nmecha,GER,MF,1,1,299
73,Kaishu Sano,JPN,MF,1,1,303
74,Nathaniel Brown,GER,DF,1,1,319
75,Keito Nakamura,JPN,MF,1,1,330
76,Petar Sucic,CRO,MF,1,1,338
77,Alex Baena,ESP,MF,1,1,354
78,Desire Doue,FRA,FW,1,1,359
79,Ivan Perisic,CRO,FW,1,1,413
80,Virgil Van Dijk,NED,DF,1,1,432
81,Matias Galarza,PAR,MF,1,1,439
82,Alex Freeman,USA,DF,1,1,442
83,Luis Diaz,COL,FW,1,1,525
84,Lisandro Martinez,ARG,DF,1,1,589
85,Alexis Mac Allister,ARG,MF,1,1,623
86,Kaan Ayhan,TUR,MF,1,0,11
87,Mattias Svanberg,SWE,MF,1,0,25
88,Mahmoud Saber,EGY,MF,1,0,51
89,Nadhir Benbouali,ALG,FW,1,0,52
90,Neymar Jr,BRA,FW,1,0,55
91,Fiston Mayele,COD,FW,1,0,55
92,Goncalo Ramos,POR,FW,1,0,58
93,Giovani Lo Celso,ARG,MF,1,0,64
94,Hassan Alhaydos,QAT,FW,1,0,69
95,Jovo Lukic,BIH,FW,1,0,77
96,Mateo Chavez,MEX,DF,1,0,81
97,Sasa Kalajdzic,AUT,FW,1,0,88
98,Hazem Mastouri,TUN,FW,1,0,92
99,Jaminton Campaz,COL,FW,1,0,98
100,Thelo Aasgaard,NOR,MF,1,0,100
101,Gessime Yassine,MAR,MF,1,0,101
102,Alexis Saelemaekers,BEL,MF,1,0,107
103,Alvaro Fidalgo,MEX,MF,1,0,117
104,Petar Musa,CRO,FW,1,0,119
105,Auston Trusty,USA,DF,1,0,123
106,Aymen Hussein,IRQ,FW,1,0,128
107,Helio Varela,CPV,MF,1,0,130
108,Oh Hyeongyu,KOR,FW,1,0,145
109,Nico Schlotterbeck,GER,DF,1,0,152
110,Giovanni Reyna,USA,MF,1,0,155
111,Brian Cipenga,COD,FW,1,0,160
112,Ante Budimir,CRO,FW,1,0,168
113,Gabriel Martinelli,BRA,FW,1,0,171
114,Leo Ostigard,NOR,DF,1,0,184
115,Omar Rekik,TUN,DF,1,0,200
116,Wilson Isidor,HAI,FW,1,0,201
117,Marcus Rashford,ENG,FW,1,0,203
118,Ibrahim Mbaye,SEN,FW,1,0,203
119,Michal Sadilek,CZE,MF,1,0,204
120,Nikola Vlasic,CRO,MF,1,0,204
121,Derrick Luckassen,GHA,DF,1,0,205
122,Mauricio,PAR,MF,1,0,208
123,Fabian Ruiz,ESP,MF,1,0,218
124,Nilson Angulo,ECU,FW,1,0,240
125,Abbosbek Fayzullaev,UZB,MF,1,0,240
126,Junya Ito,JPN,MF,1,0,242
127,Livano Comenencia,CUW,MF,1,0,253
128,Thapelo Maseko,RSA,FW,1,0,255
129,Agustin Canobbio,URU,MF,1,0,261
130,Abdulelah Alamri,KSA,DF,1,0,268
131,Amine Gouiri,ALG,FW,1,0,270
132,Daizen Maeda,JPN,MF,1,0,271
133,Mohammad Mohebbi,IRN,MF,1,0,271
134,Marcus Holmgren Pedersen,NOR,DF,1,0,273
135,John Mcginn,SCO,MF,1,0,277
136,Romano Schmid,AUT,MF,1,0,283
137,Nestory Irankunda,AUS,FW,1,0,285
138,Nizar Alrashdan,JOR,MF,1,0,289
139,Ali Olwan,JOR,FW,1,0,297
140,Deroy Duarte,CPV,MF,1,0,300
141,Ladislav Krejci,CZE,DF,1,0,301
142,Teboho Mokoena,RSA,MF,1,0,301
143,Eldor Shomurodov,UZB,FW,1,0,304
144,Jamal Musiala,GER,MF,1,0,305
145,Finn Surman,NZL,DF,1,0,306
146,Caleb Yirenkyi,GHA,MF,1,0,307
147,Kerim Alajbegovic,BIH,FW,1,0,312
148,Arda Guler,TUR,FW,1,0,313
149,Sidny Lopes Cabral,CPV,DF,1,0,324
150,Martin Baturina,CRO,MF,1,0,344
151,Connor Metcalfe,AUS,MF,1,0,354
152,Antonio Nusa,NOR,FW,1,0,357
153,Leroy Sane,GER,MF,1,0,360
154,Rafik Belghali,ALG,DF,1,0,362
155,Franck Kessie,CIV,MF,1,0,389
156,Kevin Pina,CPV,MF,1,0,389
157,Jhon Arias,COL,MF,1,0,405
158,Gonzalo Plata,ECU,FW,1,0,407
159,Pedro Porro,ESP,DF,1,0,410
160,Marcel Sabitzer,AUT,MF,1,0,412
161,Kevin De Bruyne,BEL,MF,1,0,412
162,Casemiro,BRA,MF,1,0,425
163,Jan Paul Van Hecke,NED,DF,1,0,432
164,Stephen Eustaquio,CAN,MF,1,0,444
165,Nuno Mendes,POR,DF,1,0,447
166,Joao Neves,POR,MF,1,0,450
167,Lamine Yamal,ESP,FW,1,0,454
168,Julian Alvarez,ARG,FW,1,0,472
169,Cristian Romero,ARG,DF,1,0,507
170,Yasser Ibrahim,EGY,DF,1,0,533
171,Issa Diop,MAR,DF,1,0,534
172,Enzo Fernandez,ARG,MF,1,0,553
173,Granit Xhaka,SUI,MF,1,0,673
174,Michael Olise,FRA,FW,0,5,538
175,Bruno Guimaraes,BRA,MF,0,4,458
176,Brahim Diaz,MAR,FW,0,4,500
177,Martin Odegaard,NOR,MF,0,4,537
178,Bukayo Saka,ENG,FW,0,3,308
179,Anthony Gordon,ENG,FW,0,3,367
180,Florian Wirtz,GER,MF,0,3,405
181,Roberto Alvarado,MEX,FW,0,3,476
182,Houssem Aouar,ALG,MF,0,2,191
183,Hannibal Mejbri,TUN,MF,0,2,298
184,Chris Wood,NZL,FW,0,2,306
185,Ryan Gravenberch,NED,MF,0,2,374
186,Joshua Kimmich,GER,DF,0,2,392
187,Nicolas Raskin,BEL,MF,0,2,396
188,Denzel Dumfries,NED,DF,0,2,432
189,Patrick Berg,NOR,MF,0,2,519
190,Marc Cucurella,ESP,DF,0,2,614
191,Jose Manuel Lopez,ARG,FW,0,1,28
192,Dennis Hadzikadunic,BIH,DF,0,1,33
193,Tshepang Moremi,RSA,FW,0,1,44
194,Yannick Semedo,CPV,MF,0,1,46
195,Nadiem Amiri,GER,MF,0,1,50
196,Koki Ogawa,JPN,FW,0,1,56
197,Meschack Elia,COD,FW,0,1,59
198,Cucho Hernandez,COL,FW,0,1,66
199,Abdoulaye Seck,SEN,DF,0,1,66
200,Memphis Depay,NED,FW,0,1,68
201,Brandon Thomas Asante,GHA,FW,0,1,70
202,Takefusa Kubo,JPN,MF,0,1,77
203,Ernest Nuamah,GHA,FW,0,1,109
204,Kou Itakura,JPN,DF,0,1,138
205,Haissem Hassan,EGY,FW,0,1,138
206,Kevin Rodriguez,ECU,FW,0,1,146
207,Juan Quintero,COL,MF,0,1,146
208,Gonzalo Montiel,ARG,DF,0,1,150
209,Alexandr Sojka,CZE,MF,0,1,155
210,Orkun Kokcu,TUR,MF,0,1,172
211,Jean Kevin Duverne,HAI,DF,0,1,186
212,Wilfried Singo,CIV,DF,0,1,190
213,Karim Hafez,EGY,DF,0,1,198
214,Ivan Basic,BIH,MF,0,1,200
215,Marcos Llorente,ESP,DF,0,1,203
216,Michael Gregoritsch,AUT,FW,0,1,207
217,Lucas Bergvall,SWE,MF,0,1,207
218,Tijjani Reijnders,NED,MF,0,1,211
219,Paul Okon Engstler,AUS,MF,0,1,214
220,Chemsdine Talbi,MAR,MF,0,1,217
221,Thomas Meunier,BEL,DF,0,1,226
222,Edmilson Junior,QAT,FW,0,1,228
223,Nico Gonzalez,ARG,MF,0,1,237
224,Tim Payne,NZL,DF,0,1,241
225,Akmal Mozgovoy,UZB,MF,0,1,243
226,Ferran Torres,ESP,FW,0,1,251
227,Christian Pulisic,USA,FW,0,1,253
228,Lucas Paqueta,BRA,MF,0,1,255
229,Xaver Schlager,AUT,MF,0,1,265
230,Nicolas Jackson,SEN,FW,0,1,271
231,Amir Alammari,IRQ,MF,0,1,279
232,Facundo Medina,ARG,DF,0,1,283
233,Lamine Camara,SEN,MF,0,1,287
234,Ehsan Haddad,JOR,DF,0,1,287
235,Mateo Kovacic,CRO,MF,0,1,293
236,Ritsu Doan,JPN,MF,0,1,295
237,Lee Kangin,KOR,MF,0,1,300
238,Vladimir Coufal,CZE,DF,0,1,301
239,David Alaba,AUT,DF,0,1,302
240,Aurelien Tchouameni,FRA,MF,0,1,304
241,Ibrahim Sangare,CIV,MF,0,1,305
242,Noor Alrawabdeh,JOR,MF,0,1,309
243,Rayan,BRA,FW,0,1,327
244,Arthur Masuaku,COD,DF,0,1,340
245,Joao Cancelo,POR,DF,0,1,342
246,Luka Modric,CRO,MF,0,1,360
247,Yan Diomande,CIV,FW,0,1,361
248,Luis Suarez,COL,FW,0,1,365
249,Ryan Mendes,CPV,FW,0,1,366
250,Dani Olmo,ESP,FW,0,1,373
251,Sead Kolasinac,BIH,DF,0,1,373
252,Pedro Neto,POR,FW,0,1,381
253,Jorge Sanchez,MEX,DF,0,1,388
254,Chadi Riad,MAR,DF,0,1,390
255,Erik Lira,MEX,MF,0,1,391
256,Pedro Vite,ECU,MF,0,1,407
257,Chancel Mbemba,COD,DF,0,1,409
258,Konrad Laimer,AUT,MF,0,1,412
259,Josip Stanisic,CRO,DF,0,1,413
260,Sadio Mane,SEN,FW,0,1,421
261,Declan Rice,ENG,MF,0,1,433
262,Rodrigo De Paul,ARG,MF,0,1,436
263,Moussa Niakhate,SEN,DF,0,1,459
264,Bruno Fernandes,POR,MF,0,1,471
265,David Moller Wolfe,NOR,DF,0,1,477
266,Marawan Attia,EGY,MF,0,1,495
267,Adrien Rabiot,FRA,MF,0,1,503
268,Gustavo Puerta,COL,DF,0,1,520
269,Gabriel Magalhaes,BRA,DF,0,1,520
270,Timothy Castagne,BEL,DF,0,1,546
271,Mohamed Hany,EGY,DF,0,1,546
272,Ricardo Rodriguez,SUI,DF,0,1,567
273,Elliot Anderson,ENG,MF,0,1,588
274,Aymeric Laporte,ESP,DF,0,1,610
275,Aaron Tshibola,COD,MF,0,0,0
275,Achref Abada,ALG,DF,0,0,0
275,David Affengruber,AUT,DF,0,0,0
275,Aiman Yahya,KSA,FW,0,0,0
275,Mohamed Alaa,EGY,GK,0,0,0
275,Samet Akaydin,TUR,DF,0,0,0
275,Nawaf Alaqidi,KSA,GK,0,0,0
275,Abdallah Alfakhori,JOR,GK,0,0,0
275,Ziyad Aljohani,KSA,MF,0,0,0
275,Ahmed Alkassar,KSA,GK,0,0,0
275,Saleh Alshehri,KSA,FW,0,0,0
275,Nabil Donga,EGY,MF,0,0,0
275,Aurele Amenda,SUI,DF,0,0,0
275,Joseph Anang,GHA,GK,0,0,0
275,Ronald Araujo,URU,DF,0,0,0
275,Jeremy Arevalo,ECU,FW,0,0,0
275,Adam Arous,TUN,DF,0,0,0
275,Khalil Ayari,TUN,MF,0,0,0
275,Christopher Bonsu Baah,GHA,FW,0,0,0
275,Anas Badawi,JOR,DF,0,0,0
275,Bae Junho,KOR,MF,0,0,0
275,Nour Baniateyah,JOR,GK,0,0,0
275,Kosta Barbarouses,NZL,FW,0,0,0
275,Meshaal Barsham,QAT,GK,0,0,0
275,Dylan Batubinsika,COD,DF,0,0,0
275,Oliver Baumann,GER,GK,0,0,0
275,Altay Bayindir,TUR,GK,0,0,0
275,Lachlan Bayliss,NZL,MF,0,0,0
275,Youssef Belammari,MAR,DF,0,0,0
275,Sabri Ben Hessen,TUN,GK,0,0,0
275,Goncalo Inacio,POR,DF,0,0,0
275,Augustine Boakye,GHA,MF,0,0,0
275,Tyrick Bodak,CUW,GK,0,0,0
275,Chris Brady,USA,GK,0,0,0
275,Marcio Rosa,CPV,GK,0,0,0
275,Santiago Bueno,URU,DF,0,0,0
275,Duje Caleta Car,CRO,DF,0,0,0
275,Jorge Carrascal,COL,MF,0,0,0
275,Adalberto Carrasquilla,PAN,MF,0,0,0
275,Denil Castillo,ECU,MF,0,0,0
275,Sipho Chaine,RSA,GK,0,0,0
275,Trevoh Chalobah,ENG,DF,0,0,0
275,Roozbeh Cheshmi,IRN,MF,0,0,0
275,Raed Chikhaoui,TUN,DF,0,0,0
275,Cho Wije,KOR,DF,0,0,0
275,Logan Costa,CPV,DF,0,0,0
275,Bradley Cross,RSA,DF,0,0,0
275,Rui Silva,POR,GK,0,0,0
275,Dennis Dargahi,IRN,FW,0,0,0
275,Giorgian De Arrascaeta,URU,MF,0,0,0
275,Koni De Winter,BEL,DF,0,0,0
275,Zeno Debast,BEL,DF,0,0,0
275,Milos Degenek,AUS,DF,0,0,0
275,Cameron Devlin,AUS,MF,0,0,0
275,Yehvann Diouf,SEN,GK,0,0,0
275,Willer Ditta,COL,DF,0,0,0
275,Trevor Doornbusch,CUW,GK,0,0,0
275,Stopira,CPV,DF,0,0,0
275,Josue Duverger,HAI,GK,0,0,0
275,Hjalmar Ekdal,SWE,DF,0,0,0
275,Tarek Alaa,EGY,DF,0,0,0
275,Rayan Elloumi,TUN,FW,0,0,0
275,Matthieu Epolo,COD,GK,0,0,0
275,Botirali Ergashev,UZB,GK,0,0,0
275,Martin Erlic,CRO,DF,0,0,0
275,Umar Eshmurodov,UZB,DF,0,0,0
275,Edgardo Farina,PAN,DF,0,0,0
275,Timothy Fayulu,COD,GK,0,0,0
275,Kevin Felida,CUW,MF,0,0,0
275,Gatito Fernandez,PAR,GK,0,0,0
275,Mark Flekken,NED,GK,0,0,0
275,Tyler Fletcher,SCO,MF,0,0,0
275,Toni Fruk,CRO,MF,0,0,0
275,Goncalo Guedes,POR,FW,0,0,0
275,Eric Garcia,ESP,DF,0,0,0
275,Joan Garcia,ESP,GK,0,0,0
275,Lutsharel Geertruida,NED,DF,0,0,0
275,Jose Maria Gimenez,URU,DF,0,0,0
275,Owen Goodman,CAN,GK,0,0,0
275,Craig Gordon,SCO,GK,0,0,0
275,Ricardo Goss,RSA,GK,0,0,0
275,Alex Grimaldo,ESP,DF,0,0,0
275,Parfait Guiagon,CIV,MF,0,0,0
275,Mert Gunok,TUR,GK,0,0,0
275,Rajaei Ayed,JOR,MF,0,0,0
275,Salah Zakaria,QAT,GK,0,0,0
275,Dean Henderson,ENG,GK,0,0,0
275,Lucas Hernandez,FRA,DF,0,0,0
275,George Hirst,SCO,FW,0,0,0
275,Lukas Hornicek,CZE,GK,0,0,0
275,Hossein Hosseini,IRN,GK,0,0,0
275,Dominic Hyam,SCO,DF,0,0,0
275,Mahdy Soliman,EGY,GK,0,0,0
275,Danial Iri,IRN,DF,0,0,0
275,Paul Izzo,AUS,GK,0,0,0
275,Kristijan Jakic,CRO,DF,0,0,0
275,Tahsin Mohammed,QAT,FW,0,0,0
275,Jo Hyeonwoo,KOR,GK,0,0,0
275,Viktor Johansson,SWE,GK,0,0,0
275,Herman Johansson,SWE,DF,0,0,0
275,Alfie Jones,CAN,DF,0,0,0
275,David Jurasek,CZE,DF,0,0,0
275,Mladen Jurkas,BIH,GK,0,0,0
275,Samukele Kabini,RSA,DF,0,0,0
275,Gael Kakuta,COD,FW,0,0,0
275,Ngolo Kante,FRA,MF,0,0,0
275,Marvin Keller,SUI,GK,0,0,0
275,Liam Kelly,SCO,GK,0,0,0
275,Kim Taehyeon,KOR,DF,0,0,0
275,Mohamed Kone,CIV,GK,0,0,0
275,Dominik Kotarski,CRO,GK,0,0,0
275,Jan Kuchta,CZE,FW,0,0,0
275,Markhus Lacroix,HAI,DF,0,0,0
275,Lee Donggyeong,KOR,MF,0,0,0
275,Dejan Ljubicic,AUT,MF,0,0,0
275,Hassan Kadish,KSA,DF,0,0,0
275,Kobbie Mainoo,ENG,MF,0,0,0
275,Ali Majrashi,KSA,DF,0,0,0
275,Olwethu Makhanya,RSA,DF,0,0,0
275,Jose Sa,POR,GK,0,0,0
275,Arjany Martha,CUW,MF,0,0,0
275,Emiliano Martinez,URU,MF,0,0,0
275,Melvin Mastil,ALG,GK,0,0,0
275,Thabang Matuludi,RSA,DF,0,0,0
275,Luis Mejia,PAN,GK,0,0,0
275,Santiago Mele,URU,GK,0,0,0
275,Antoine Mendy,SEN,DF,0,0,0
275,Garven Metusala,HAI,DF,0,0,0
275,Roderick Miller,PAN,DF,0,0,0
275,Alvaro Montero,COL,GK,0,0,0
275,Nikola Moro,CRO,MF,0,0,0
275,Nihad Mujakic,BIH,DF,0,0,0
275,Victor Munoz,ESP,FW,0,0,0
275,Mohammed Muntari,QAT,FW,0,0,0
275,Khulumani Ndamane,RSA,DF,0,0,0
275,Cherif Ndiaye,SEN,FW,0,0,0
275,Evan Ndicka,CIV,DF,0,0,0
275,Moutaz Neffati,TUN,DF,0,0,0
275,Payam Niazmand,IRN,GK,0,0,0
275,Alexander Nuebel,GER,GK,0,0,0
275,Gaston Olveira,PAR,GK,0,0,0
275,Keisuke Osako,JPN,GK,0,0,0
275,David Ospina,COL,GK,0,0,0
275,Assan Ouedraogo,GER,MF,0,0,0
275,Ivor Pandur,CRO,GK,0,0,0
275,Wilguens Paugain,HAI,DF,0,0,0
275,Alex Paulsen,NZL,GK,0,0,0
275,Facundo Pellistri,URU,FW,0,0,0
275,Patrick Pentz,AUT,GK,0,0,0
275,Leo Pereira,BRA,DF,0,0,0
275,Alexandre Pierre,HAI,GK,0,0,0
275,Woodensky Pierre,HAI,MF,0,0,0
275,Nando Pijnaker,NZL,DF,0,0,0
275,Joaquin Piquerez,URU,MF,0,0,0
275,Juan Portilla,COL,MF,0,0,0
275,Fahad Talib,IRQ,GK,0,0,0
275,Moises Ramirez,ECU,GK,0,0,0
275,David Raya,ESP,GK,0,0,0
275,Amirmohammad Razaghinia,IRN,MF,0,0,0
275,Robin Roefs,NED,GK,0,0,0
275,Logan Rogerson,NZL,FW,0,0,0
275,Cristian Roldan,USA,MF,0,0,0
275,Alex Rufer,NZL,MF,0,0,0
275,Geronimo Rulli,ARG,GK,0,0,0
275,Ibrahim Sadeh,JOR,MF,0,0,0
275,Carl Sainte,HAI,MF,0,0,0
275,Brice Samba,FRA,GK,0,0,0
275,Cesar Samudio,PAN,GK,0,0,0
275,Ederson,BRA,GK,0,0,0
275,Mamadou Sarr,SEN,DF,0,0,0
275,Alessandro Schoepf,AUT,MF,0,0,0
275,Bremer,BRA,DF,0,0,0
275,Eric Smith,SWE,DF,0,0,0
275,Hugo Sochurek,CZE,MF,0,0,0
275,Song Bumkeun,KOR,GK,0,0,0
275,John Souttar,SCO,DF,0,0,0
275,Kelvin Pires,CPV,DF,0,0,0
275,Dayne St Clair,CAN,GK,0,0,0
275,Jindrich Stanek,CZE,GK,0,0,0
275,Abdul Mumin,GHA,DF,0,0,0
275,Michael Svoboda,AUT,DF,0,0,0
275,Ahmed Reda Tagnaouti,MAR,GK,0,0,0
275,Mohammad Abughoush,JOR,MF,0,0,0
275,Sander Tangvik,NOR,GK,0,0,0
275,Keeto Thermoncy,HAI,DF,0,0,0
275,Jehad Thikri,KSA,DF,0,0,0
275,Yassine Titraoui,ALG,MF,0,0,0
275,Ivan Toney,ENG,FW,0,0,0
275,Mohamed Amine Tougai,ALG,DF,0,0,0
275,James Trafford,ENG,GK,0,0,0
275,Avazbek Ulmasaliyev,UZB,DF,0,0,0
275,Anthony Valencia,ECU,MF,0,0,0
275,Gonzalo Valle,ECU,GK,0,0,0
275,Ben Waine,NZL,FW,0,0,0
275,Joel Waterman,CAN,DF,0,0,0
275,Mats Wieffer,NED,DF,0,0,0
275,Florian Wiegele,AUT,GK,0,0,0
275,Michael Woud,NZL,GK,0,0,0
275,Cesar Yanis,PAN,MF,0,0,0
275,Rodrigo Zalazar,URU,MF,0,0,0
275,Martin Zlomislic,BIH,GK,0,0,0
275,Martin Zubimendi,ESP,MF,0,0,0
510,Fabian Balbuena,PAR,DF,0,0,0
512,Baba Rahman,GHA,DF,0,0,1
513,Borja Iglesias,ESP,FW,0,0,1
514,Marcus Thuram,FRA,FW,0,0,2
515,Mathew Ryan,AUS,GK,0,0,2
516,Max Arfsten,USA,DF,0,0,2
517,Yerry Mina,COL,DF,0,0,2
518,Fares Ghedjemis,ALG,FW,0,0,2
519,Sherzod Esanov,UZB,MF,0,0,3
520,Marc Pubill,ESP,DF,0,0,3
522,Matheus Nunes,POR,MF,0,0,4
523,Haji Wright,USA,FW,0,0,4
524,Gustaf Nilsson,SWE,FW,0,0,5
525,Brandley Kuwas,CUW,FW,0,0,6
526,Shurandy Sambo,CUW,DF,0,0,6
527,Ibrahim Adel,EGY,FW,0,0,7
528,Irfan Can Kahveci,TUR,FW,0,0,7
529,Ross Stewart,SCO,FW,0,0,7
530,Andres Gomez,COL,FW,0,0,7
531,Rodrigo Aguirre,URU,FW,0,0,8
532,Khalid Alghannam,KSA,FW,0,0,8
533,Alberto Quintero,PAN,MF,0,0,8
534,Maghnes Akliouche,FRA,MF,0,0,10
535,Carl Starfelt,SWE,DF,0,0,10
536,Gedeon Kalulu,COD,DF,0,0,10
537,Marten De Roon,NED,MF,0,0,11
538,Anibal Godoy,PAN,MF,0,0,11
540,Keisuke Goto,JPN,FW,0,0,11
541,Ollie Watkins,ENG,FW,0,0,12
542,Mohammad Abuzraiq,JOR,FW,0,0,12
543,Godfried Roemeratoe,CUW,MF,0,0,12
544,Christian Fassnacht,SUI,FW,0,0,12
546,Jens Petter Hauge,NOR,MF,0,0,12
547,Amir Hadziahmetovic,BIH,MF,0,0,12
548,Mojmir Chytil,CZE,FW,0,0,12
549,Jayden Nelson,CAN,FW,0,0,12
550,Cesar Huerta,MEX,FW,0,0,12
552,Kento Shiogai,JPN,FW,0,0,12
553,Felix Torres,ECU,DF,0,0,12
554,Lucas Mendes,QAT,DF,0,0,13
555,Mohammad Abuhasheesh,JOR,DF,0,0,13
556,Kamogelo Sebelebele,RSA,FW,0,0,13
557,Yassin Fortune,HAI,FW,0,0,13
559,Derrick Etienne,HAI,FW,0,0,14
560,Eric Davis,PAN,DF,0,0,14
561,Alex Sandro,BRA,DF,0,0,15
562,Caglar Soyuncu,TUR,DF,0,0,15
563,Mohammad Aldaoud,JOR,MF,0,0,15
564,Mohamed Abdelmoneim,EGY,DF,0,0,15
565,Assane Diao,SEN,FW,0,0,16
566,Bamba Dieng,SEN,FW,0,0,16
567,Jamshid Iskanderov,UZB,MF,0,0,16
568,Noa Lang,NED,FW,0,0,17
569,Yuito Suzuki,JPN,MF,0,0,17
570,Jonathan Osorio,CAN,MF,0,0,17
571,Callan Elliot,NZL,DF,0,0,18
572,Alejandro Romero Gamarra,PAR,FW,0,0,18
573,Guillermo Ochoa,MEX,GK,0,0,18
574,Alexis Vega,MEX,FW,0,0,18
575,Themba Zwane,RSA,MF,0,0,19
576,Jean Michael Seri,CIV,MF,0,0,19
577,David Zima,CZE,DF,0,0,19
578,Amer Jamous,JOR,MF,0,0,19
579,Ramon Sosa,PAR,MF,0,0,19
580,Tyrese Noslin,CUW,FW,0,0,19
581,Ibrahima Konate,FRA,DF,0,0,19
582,Mohanad Ali,IRQ,FW,0,0,20
583,Roshon Van Eijma,CUW,DF,0,0,20
584,Kenji Gorre,CUW,FW,0,0,20
585,Kendry Paez,ECU,MF,0,0,20
586,Findlay Curtis,SCO,FW,0,0,21
587,Armando Gonzalez,MEX,FW,0,0,21
588,Alphonso Davies,CAN,DF,0,0,22
589,Saed Alrosan,JOR,DF,0,0,22
591,Alex Zendejas,USA,FW,0,0,22
592,Zakaria El Ouahdi,MAR,DF,0,0,22
593,Simon Adingra,CIV,FW,0,0,22
594,Ken Sema,SWE,MF,0,0,22
595,Shuto Machino,JPN,FW,0,0,23
596,Luka Sucic,CRO,MF,0,0,23
597,Anthony Ralston,SCO,DF,0,0,23
598,Azizbek Amonov,UZB,FW,0,0,23
599,Pascal Gross,GER,MF,0,0,24
600,Valentin Barco,ARG,MF,0,0,24
601,Aimar Sher,IRQ,MF,0,0,24
602,Mustafa Saadoon,IRQ,DF,0,0,24
603,Almoez Ali,QAT,FW,0,0,24
604,Yang Hyunjun,KOR,MF,0,0,25
605,Haris Tabakovic,BIH,FW,0,0,25
606,Noah Okafor,SUI,FW,0,0,25
607,Samir Chergui,ALG,DF,0,0,25
608,Warren Zaire Emery,FRA,MF,0,0,25
609,Samu Costa,POR,DF,0,0,26
610,Senne Lammens,BEL,GK,0,0,26
611,Amirhossein Hosseinzadeh,IRN,FW,0,0,26
612,Dzenis Burnic,BIH,MF,0,0,27
613,Evann Guessand,CIV,FW,0,0,27
614,Mortadha Ben Ouanes,TUN,DF,0,0,27
615,Kevin Castano,COL,MF,0,0,28
616,Adil Boulbina,ALG,FW,0,0,28
617,Braian Ojeda,PAR,MF,0,0,28
618,Sondre Langas,NOR,DF,0,0,29
619,Kevin Yakob,IRQ,MF,0,0,29
620,Mehdi Torabi,IRN,MF,0,0,29
621,Marco Friedl,AUT,DF,0,0,30
625,Awer Mabil,AUS,FW,0,0,31
626,Luis Chavez,MEX,MF,0,0,31
627,Mohamed Amoura,ALG,FW,0,0,31
628,Duckens Nazon,HAI,FW,0,0,31
629,Francis De Vries,NZL,DF,0,0,32
630,Francisco Trincao,POR,FW,0,0,32
631,Justin Kluivert,NED,MF,0,0,32
633,Youssef Amyn,IRQ,MF,0,0,32
634,Maximilian Beier,GER,FW,0,0,33
637,Tete Yengi,AUS,FW,0,0,33
638,Ayoube Amaimouni,MAR,FW,0,0,33
639,Samed Bazdar,BIH,FW,0,0,35
640,Guus Til,NED,MF,0,0,36
641,Bara Sapoko Ndiaye,SEN,MF,0,0,36
642,Jackson Porozo,ECU,DF,0,0,36
643,Joaquin Seys,BEL,DF,0,0,36
644,Jamie Leweling,GER,MF,0,0,37
645,Jean Philippe Mateta,FRA,FW,0,0,38
646,Ederson Silva,BRA,MF,0,0,38
647,Zineddine Belaid,ALG,DF,0,0,38
649,Ali Yousif,IRQ,FW,0,0,38
650,Luiz Henrique,BRA,FW,0,0,38
651,Ahmed Maknazi,IRQ,DF,0,0,38
652,Dan Burn,ENG,DF,0,0,39
653,Eray Coemert,SUI,DF,0,0,39
654,Patrick Wimmer,AUT,FW,0,0,39
655,Jordy Caicedo,ECU,FW,0,0,40
656,Oumar Diakite,CIV,FW,0,0,40
657,Ahmed Alganehi,QAT,MF,0,0,41
658,Alhashmi Alhussein,QAT,DF,0,0,41
659,Alexander Prass,AUT,MF,0,0,41
661,Cho Guesung,KOR,FW,0,0,41
663,Rebin Sulaka,IRQ,DF,0,0,41
665,Ali Alipour,IRN,FW,0,0,42
666,Axel Witsel,BEL,MF,0,0,42
667,Jorrel Hato,NED,DF,0,0,43
668,Tomas Chory,CZE,FW,0,0,43
669,Saleem Obaid,JOR,DF,0,0,43
670,Ala Alhajji,KSA,MF,0,0,43
671,Park Jinseob,KOR,DF,0,0,44
672,Nick Woltemade,GER,FW,0,0,44
673,Gervane Kastaneer,CUW,FW,0,0,45
674,Charles Pickel,COD,MF,0,0,45
676,Orbelin Pineda,MEX,MF,0,0,45
677,Taha Ali,SWE,FW,0,0,46
678,Igor Sergeev,UZB,FW,0,0,46
680,Theo Bongonda,COD,MF,0,0,47
681,Malo Gusto,FRA,DF,0,0,48
682,Roger Ibanez,BRA,DF,0,0,49
683,Dylan Bronn,TUN,DF,0,0,49
684,Simon Banza,COD,FW,0,0,49
685,Lyndon Dykes,SCO,FW,0,0,49
686,Matias Vina,URU,DF,0,0,49
687,Jordy Alcivar,ECU,MF,0,0,49
688,Morten Thorsby,NOR,MF,0,0,50
689,Sontje Hansen,CUW,FW,0,0,50
690,Fredrik Andre Bjorkan,NOR,DF,0,0,50
691,Malick Thiaw,GER,DF,0,0,50
692,Mehdi Ghayedi,IRN,FW,0,0,50
694,Deniz Gul,TUR,FW,0,0,50
695,Jearl Margaritha,CUW,FW,0,0,50
696,Castrop Jens,KOR,DF,0,0,51
698,Abdulaziz Hatem,QAT,MF,0,0,51
699,Arya Yousefi,IRN,DF,0,0,51
700,Sergio Rochet,URU,GK,0,0,51
701,Angelo Stiller,GER,MF,0,0,52
702,Ismael Diaz,PAN,MF,0,0,52
703,Mohamed Hadj Mahmoud,TUN,MF,0,0,52
704,Tomas Rodriguez,PAN,FW,0,0,53
705,Eom Jisung,KOR,MF,0,0,53
706,Yaimar Medina,ECU,DF,0,0,53
707,Isidro Pitta,PAR,FW,0,0,55
708,Can Uzun,TUR,FW,0,0,55
709,Ahmed Alaaeldin,QAT,FW,0,0,55
710,Farrukh Sayfiev,UZB,DF,0,0,55
711,Matias Fernandez Pardo,BEL,FW,0,0,57
712,Junnosuke Suzuki,JPN,DF,0,0,58
713,Wout Weghorst,NED,FW,0,0,58
714,Vladimir Darida,CZE,MF,0,0,58
715,Alireza Jahanbakhsh,IRN,MF,0,0,58
716,Elias Achouri,TUN,FW,0,0,58
717,Denis Visinsky,CZE,FW,0,0,59
718,Alan Minda,ECU,MF,0,0,59
719,Lyle Foster,RSA,FW,0,0,59
720,Kojo Peprah Oppong,GHA,DF,0,0,61
721,Mathieu Choiniere,CAN,MF,0,0,61
722,Brian Rodriguez,URU,FW,0,0,61
723,Cedric Itten,SUI,FW,0,0,62
724,Prince Adu,GHA,FW,0,0,62
725,Marko Farji,IRQ,FW,0,0,62
726,Kim Jingyu,KOR,MF,0,0,64
727,Alex Arce,PAR,FW,0,0,64
728,Igor Thiago,BRA,FW,0,0,65
729,Firas Chaouat,TUN,FW,0,0,66
730,Waldemar Anton,GER,DF,0,0,66
731,Mathew Leckie,AUS,FW,0,0,67
732,Dominique Simon,HAI,MF,0,0,68
733,Quinten Timber,NED,MF,0,0,68
734,Besfort Zeneli,SWE,MF,0,0,69
735,Alexandro Maidana,PAR,DF,0,0,69
736,Joris Kayembe,COD,DF,0,0,69
737,Telmo Arcanjo,CPV,MF,0,0,69
739,Sultan Mandash,KSA,FW,0,0,71
740,Henrik Falchener,NOR,DF,0,0,71
741,Luka Vuskovic,CRO,DF,0,0,71
744,Danilo Santos,BRA,MF,0,0,73
745,Hossam Abdelmaguid,EGY,DF,0,0,73
746,Kim Moonhwan,KOR,DF,0,0,74
747,Ayoub El Kaabi,MAR,FW,0,0,74
748,Mohammad Abualnadi,JOR,DF,0,0,75
749,Kristian Thorstvedt,NOR,MF,0,0,75
750,Jason Geria,AUS,DF,0,0,75
751,Giuliano Simeone,ARG,FW,0,0,75
753,Oston Urunov,UZB,MF,0,0,75
754,Ruben Neves,POR,MF,0,0,76
755,Azarias Londono,PAN,FW,0,0,76
756,Diego Moreira,BEL,MF,0,0,76
757,Ali Azaizeh,JOR,FW,0,0,78
758,Diogo Dalot,POR,DF,0,0,78
759,Aaron Hickey,SCO,DF,0,0,79
760,Jesse Randall,NZL,FW,0,0,79
762,Kai Trewin,AUS,DF,0,0,81
763,Nico Paz,ARG,FW,0,0,81
764,Andrej Kramaric,CRO,FW,0,0,81
765,Brenden Aaronson,USA,FW,0,0,82
766,Hamza Abdelkarim,EGY,FW,0,0,83
767,Yeremy Pino,ESP,FW,0,0,83
768,Zizo,EGY,FW,0,0,84
769,Nico Williams,ESP,FW,0,0,84
770,Jeremy Antonisse,CUW,FW,0,0,85
772,Gavi,ESP,MF,0,0,85
773,Cecilio Waterman,PAN,FW,0,0,85
774,Obed Vargas,MEX,MF,0,0,85
778,Ardon Jashari,SUI,MF,0,0,87
779,Guillermo Martinez,MEX,FW,0,0,87
780,Nishan Velupillay,AUS,FW,0,0,88
782,Abdullah Alhamddan,KSA,FW,0,0,88
783,Munaf Younus,IRQ,DF,0,0,89
784,Luca Jaquez,SUI,DF,0,0,89
785,Santiago Arias,COL,DF,0,0,89
786,Timothy Weah,USA,FW,0,0,90
788,Garry Rodrigues,CPV,MF,0,0,90
789,Jorge Gutierrez,PAN,DF,0,0,90
790,Ajdin Hrustic,AUS,FW,0,0,90
791,Odiljon Xamrobekov,UZB,MF,0,0,90
792,Mohamed Manai,QAT,FW,0,0,91
793,Alidu Seidu,GHA,DF,0,0,92
794,Gilson Benchimol,CPV,FW,0,0,93
797,Bazoumana Toure,CIV,FW,0,0,94
798,Rayan Cherki,FRA,MF,0,0,94
799,Pape Matar Sarr,SEN,MF,0,0,94
800,Antonio Sanabria,PAR,FW,0,0,95
801,Fabinho,BRA,MF,0,0,95
802,Armin Gigovic,BIH,MF,0,0,95
804,Oguz Aydin,TUR,FW,0,0,97
805,Ayumu Seko,JPN,DF,0,0,97
806,Sebastian Tounekti,TUN,MF,0,0,98
807,Fidel Escobar,PAN,DF,0,0,98
808,Deiver Machado,COL,DF,0,0,99
809,Wagner Pina,CPV,DF,0,0,99
810,Stepan Chaloupek,CZE,DF,0,0,99
811,Tsuyoshi Watanabe,JPN,DF,0,0,99
812,David Doudera,CZE,DF,0,0,100
813,Exequiel Palacios,ARG,MF,0,0,100
813,Marcos Senesi,ARG,DF,0,0,100
816,Maxence Lacroix,FRA,DF,0,0,100
816,Egil Selvik,NOR,GK,0,0,100
818,Ousmane Diomande,CIV,DF,0,0,100
818,Christopher Operi,CIV,DF,0,0,100
820,Riechedly Bazoer,CUW,DF,0,0,100
821,Tomas Araujo,POR,DF,0,0,100
822,Mouhib Chamakh,TUN,GK,0,0,100
823,Joe Scally,USA,DF,0,0,100
824,Pervis Estupinan,ECU,DF,0,0,100
825,Oussama Benbot,ALG,GK,0,0,100
826,Nkosinathi Sibisi,RSA,DF,0,0,101
827,Zeki Amdouni,SUI,FW,0,0,101
828,Florian Grillitsch,AUT,MF,0,0,102
829,Scott Mckenna,SCO,DF,0,0,102
830,Yunus Akgun,TUR,FW,0,0,103
831,Seko Fofana,CIV,MF,0,0,103
832,Ryan Thomas,NZL,MF,0,0,103
833,Ehsan Hajisafi,IRN,DF,0,0,104
834,Mohammad Ghorbani,IRN,MF,0,0,104
835,Nawaf Bu Washl,KSA,DF,0,0,104
836,Ozan Kabak,TUR,DF,0,0,104
836,Mark Mckenzie,USA,DF,0,0,104
836,Miles Robinson,USA,DF,0,0,104
836,Matt Turner,USA,GK,0,0,104
840,Frans Putros,IRQ,DF,0,0,105
841,Utkir Yusupov,UZB,GK,0,0,105
842,Yusuf Abdurisag,QAT,FW,0,0,105
843,Saleh Hardani,IRN,DF,0,0,107
844,Carney Chukwuemeka,AUT,MF,0,0,108
845,Shahriyar Moghanloo,IRN,FW,0,0,108
846,Jhon Cordoba,COL,FW,0,0,108
847,Jakhongir Urozov,UZB,DF,0,0,112
848,Ben Old,NZL,MF,0,0,112
849,Karim Boudiaf,QAT,MF,0,0,114
850,Ryan Christie,SCO,MF,0,0,114
851,Daniel Svensson,SWE,DF,0,0,114
852,Anis Hadj Moussa,ALG,FW,0,0,114
853,Marco Pasalic,CRO,FW,0,0,114
854,Miro Muheim,SUI,DF,0,0,115
855,Kieran Tierney,SCO,DF,0,0,115
856,Nicolas De La Cruz,URU,MF,0,0,115
857,Gustavo Caballero,PAR,MF,0,0,117
858,Jorgen Strand Larsen,NOR,FW,0,0,117
859,Santiago Gimenez,MEX,FW,0,0,117
860,Jordan Henderson,ENG,MF,0,0,119
861,Tyler Bindon,NZL,DF,0,0,120
862,Lee Taeseok,KOR,DF,0,0,120
863,Salih Ozcan,TUR,MF,0,0,120
864,Dostonbek Khamdamov,UZB,MF,0,0,120
865,Joao Paulo,CPV,MF,0,0,121
866,Samir El Mourabet,MAR,MF,0,0,121
867,Jarell Quansah,ENG,DF,0,0,121
868,Leon Goretzka,GER,MF,0,0,122
869,Hwang Heechan,KOR,MF,0,0,123
870,David Raum,GER,DF,0,0,123
871,Elias Saad,TUN,FW,0,0,124
872,Jaouen Hadjam,ALG,DF,0,0,125
873,Lee Jaesung,KOR,MF,0,0,125
874,Igor Matanovic,CRO,FW,0,0,125
875,Jacob Shaffelburg,CAN,MF,0,0,126
876,Ramiz Zerrouki,ALG,MF,0,0,126
877,Zaid Ismael,IRQ,MF,0,0,126
878,Amadou Onana,BEL,MF,0,0,127
879,Elye Wahi,CIV,FW,0,0,127
880,Louicius Deedson,HAI,FW,0,0,129
881,Jayden Adams,RSA,MF,0,0,130
882,Mert Muldur,TUR,DF,0,0,132
883,Bernardo Silva,POR,MF,0,0,133
884,Eren Elmali,TUR,DF,0,0,134
885,Homam Ahmed,QAT,DF,0,0,134
886,Lenny Joseph,HAI,FW,0,0,134
887,Ahmed Qasem,IRQ,FW,0,0,135
888,Kamaldeen Sulemana,GHA,FW,0,0,136
889,Angelo Preciado,ECU,DF,0,0,137
890,Lukas Provod,CZE,MF,0,0,137
891,Inaki Williams,GHA,FW,0,0,140
892,Assim Madibo,QAT,MF,0,0,140
893,Azizjon Ganiev,UZB,MF,0,0,140
894,Ismael Gharbi,TUN,MF,0,0,142
895,Jaroslav Zeleny,CZE,DF,0,0,142
896,Hicham Boudaoui,ALG,MF,0,0,143
897,Raphinha,BRA,FW,0,0,143
898,Kerem Akturkoglu,TUR,FW,0,0,143
899,Kenny Mclean,SCO,MF,0,0,144
900,Ali Jasim,IRQ,FW,0,0,144
901,Teun Koopmeiners,NED,MF,0,0,145
902,Endrick,BRA,FW,0,0,146
903,Jesper Karlstrom,SWE,MF,0,0,147
904,Niko Sigur,CAN,DF,0,0,147
905,Jovane Cabral,CPV,MF,0,0,148
906,Ahmed Basil,IRQ,GK,0,0,149
907,Benjamin Nygren,SWE,MF,0,0,149
908,Cameron Burgess,AUS,DF,0,0,152
909,Tomas Soucek,CZE,MF,0,0,152
910,Mahmoud Almardi,JOR,FW,0,0,152
911,Ismail Yuksek,TUR,MF,0,0,153
912,Mohammed Abu Alshamat,KSA,DF,0,0,153
913,Hossein Kanani,IRN,DF,0,0,154
914,Jalal Hassan,IRQ,GK,0,0,154
915,Lawrence Ati Zigi,GHA,GK,0,0,155
916,Khojiakbar Alijonov,UZB,DF,0,0,155
917,Willy Semedo,CPV,MF,0,0,156
918,Mario Pasalic,CRO,MF,0,0,158
919,Che Adams,SCO,FW,0,0,160
920,Phillip Mwene,AUT,DF,0,0,160
921,Ismael Kone,CAN,MF,0,0,160
922,Rani Khedira,TUN,MF,0,0,162
923,Abdul Fatawu,GHA,FW,0,0,163
924,Ahmed Fathy,QAT,MF,0,0,163
925,Nathanael Mbuku,COD,MF,0,0,163
926,Francisco Conceicao,POR,FW,0,0,163
927,Odeh Fakhoury,JOR,FW,0,0,163
928,Nelson Semedo,POR,DF,0,0,164
929,Eberechi Eze,ENG,MF,0,0,164
930,Zaid Tahseen,IRQ,DF,0,0,165
931,Elisha Owusu,GHA,MF,0,0,166
932,Jassem Gaber,QAT,DF,0,0,166
933,Sultan Albrake,QAT,DF,0,0,167
934,Musab Aljuwayr,KSA,MF,0,0,167
935,Frantzdy Pierrot,HAI,FW,0,0,168
936,Tomas Holes,CZE,DF,0,0,169
937,Gabriel Avalos,PAR,FW,0,0,170
938,Ayoub Aloui,QAT,DF,0,0,170
939,Carlens Arcus,HAI,DF,0,0,171
940,Adam Hlozek,CZE,FW,0,0,172
941,Lukas Cerv,CZE,MF,0,0,172
942,Edouard Mendy,SEN,GK,0,0,172
943,Zeki Celik,TUR,DF,0,0,173
944,Callum Mccowatt,NZL,MF,0,0,173
945,Hussein Ali,IRQ,DF,0,0,174
946,Sofyan Amrabat,MAR,MF,0,0,175
947,Richard Rios,COL,MF,0,0,175
948,Jose Fajardo,PAN,FW,0,0,176
949,Liam Millar,CAN,MF,0,0,176
950,Michel Aebischer,SUI,MF,0,0,176
951,Edo Kayembe,COD,MF,0,0,177
952,Josko Gvardiol,CRO,DF,0,0,177
953,Ali Lajami,KSA,DF,0,0,177
954,Ferdi Kadioglu,TUR,DF,0,0,179
955,Cristian Volpato,AUS,FW,0,0,180
956,Jurien Gaari,CUW,DF,0,0,180
957,Nuno Da Costa,CPV,MF,0,0,180
958,Kalidou Koulibaly,SEN,DF,0,0,181
959,Yukinari Sugawara,JPN,DF,0,0,181
960,Nicolas Otamendi,ARG,DF,0,0,182
961,Iqraam Rayners,RSA,FW,0,0,182
962,Darwin Nunez,URU,FW,0,0,182
963,Mohamed Toure,AUS,FW,0,0,182
964,Jacob Italiano,AUS,DF,0,0,183
965,Elliot Stroud,SWE,DF,0,0,183
966,Lawrence Shankland,SCO,FW,0,0,183
967,Son Heungmin,KOR,FW,0,0,183
968,Relebohile Mofokeng,RSA,FW,0,0,184
969,Jiovany Ramos,PAN,DF,0,0,186
970,Cesar Blackman,PAN,DF,0,0,187
971,Laros Duarte,CPV,MF,0,0,187
972,Nathan Ake,NED,DF,0,0,189
973,Husam Abudahab,JOR,DF,0,0,190
974,Joshua Brenet,CUW,DF,0,0,193
975,Dodi Lukebakio,BEL,FW,0,0,194
976,Edin Dzeko,BIH,FW,0,0,196
977,Donyell Malen,NED,FW,0,0,197
978,Manuel Ugarte,URU,MF,0,0,197
979,Aymen Dahmen,TUN,GK,0,0,198
980,Jose Canale,PAR,DF,0,0,198
981,Dailon Livramento,CPV,FW,0,0,198
982,Patrik Schick,CZE,FW,0,0,199
983,Jacob Widell Zetterstrom,SWE,GK,0,0,200
984,Kristoffer Nordfeldt,SWE,GK,0,0,200
985,Ali Alhamadi,IRQ,FW,0,0,201
986,Steve Kapuadi,COD,DF,0,0,201
987,El Hadji Malick Diouf,SEN,DF,0,0,202
988,Behruzjon Karimov,UZB,DF,0,0,203
989,Abdullah Alkhaibari,KSA,MF,0,0,203
990,Morgan Rogers,ENG,MF,0,0,203
991,Grant Hanley,SCO,DF,0,0,203
992,Nathan Patterson,SCO,DF,0,0,204
993,Ben Gannon Doak,SCO,FW,0,0,204
994,Sherzod Nasrullaev,UZB,DF,0,0,206
995,Abduvohid Nematov,UZB,GK,0,0,206
996,Abdulla Abdullaev,UZB,DF,0,0,206
997,Philipp Lienhart,AUT,DF,0,0,207
998,Takehiro Tomiyasu,JPN,DF,0,0,208
999,Redouane Halhal,MAR,DF,0,0,208
1000,Josue Casimir,HAI,FW,0,0,208
1001,Hakan Calhanoglu,TUR,MF,0,0,208
1001,Merih Demiral,TUR,DF,0,0,208
1003,Pavel Sulc,CZE,FW,0,0,209
1004,Zidane Iqbal,IRQ,MF,0,0,210
1005,Cedric Bakambu,COD,FW,0,0,210
1006,Silvan Widmer,SUI,DF,0,0,210
1007,Stjepan Radeljic,BIH,DF,0,0,211
1008,Federico Vinas,URU,FW,0,0,211
1009,Moteb Alharbi,KSA,DF,0,0,213
1010,Paik Seungho,KOR,MF,0,0,216
1011,Damian Bobadilla,PAR,MF,0,0,216
1012,Joao Felix,POR,FW,0,0,218
1013,Ngalayel Mukau,COD,MF,0,0,220
1014,Moise Bombito,CAN,DF,0,0,221
1015,Ivan Sunjic,BIH,MF,0,0,221
1016,Mohamed Amine Ben Hmida,TUN,DF,0,0,221
1017,Theo Hernandez,FRA,DF,0,0,222
1018,Ao Tanaka,JPN,MF,0,0,225
1019,Brian Gutierrez,MEX,MF,0,0,226
1020,Sarpreet Singh,NZL,MF,0,0,227
1021,Saman Ghoddos,IRN,MF,0,0,228
1022,Nasser Aldawsari,KSA,MF,0,0,230
1023,Pathe Ciss,SEN,MF,0,0,232
1024,Lucas Herrington,AUS,DF,0,0,232
1025,Alexander Bernhardsson,SWE,DF,0,0,233
1026,Milad Mohammadi,IRN,DF,0,0,235
1027,Gilberto Mora,MEX,MF,0,0,236
1028,Michael Boxall,NZL,DF,0,0,237
1029,Ruben Providence,HAI,FW,0,0,237
1030,Israel Reyes,MEX,DF,0,0,237
1031,Juan Manuel Sanabria,URU,MF,0,0,237
1032,Liberato Cacace,NZL,DF,0,0,237
1033,Isak Hien,SWE,DF,0,0,237
1034,Hassan Altambakti,KSA,DF,0,0,237
1035,Anass Salah Eddine,MAR,DF,0,0,240
1036,Christ Inao Oulai,CIV,MF,0,0,240
1037,Evidence Makgopa,RSA,FW,0,0,241
1038,Aziz Behich,AUS,DF,0,0,245
1039,Ricardo Pepi,USA,FW,0,0,247
1040,Julian Ryerson,NOR,FW,0,0,248
1041,Kenan Yildiz,TUR,FW,0,0,249
1042,Juergen Locadia,CUW,FW,0,0,250
1043,Jose Luis Rodriguez,PAN,MF,0,0,251
1044,Sphephelo Sithole,RSA,MF,0,0,252
1045,Joel Ordonez,ECU,DF,0,0,253
1046,Amar Memic,BIH,MF,0,0,254
1047,Jackson Irvine,AUS,MF,0,0,255
1048,Andy Robertson,SCO,DF,0,0,255
1049,Mohamed Kanno,KSA,MF,0,0,256
1050,Ismail Jakobs,SEN,DF,0,0,257
1051,Jonas Adjetey,GHA,DF,0,0,257
1052,Anis Slimane,TUN,MF,0,0,257
1053,Ali Ahmed,CAN,FW,0,0,258
1054,Ange Yoan Bonny,CIV,FW,0,0,258
1055,Benjamin Asare,GHA,GK,0,0,259
1056,Ibrahim Bayesh,IRQ,MF,0,0,259
1057,Deveron Fonville,CUW,DF,0,0,260
1058,Hamdy Fathy,EGY,MF,0,0,260
1059,Fernando Muslera,URU,GK,0,0,261
1060,Feras Albrikan,KSA,FW,0,0,262
1061,Esmir Bajraktarevic,BIH,FW,0,0,262
1062,Cristian Martinez,PAN,MF,0,0,264
1063,Benjamin Tahirovic,BIH,MF,0,0,266
1064,Tahith Chong,CUW,MF,0,0,267
1065,Shogo Taniguchi,JPN,DF,0,0,267
1066,Ellyes Skhiri,TUN,MF,0,0,267
1067,Reece James,ENG,DF,0,0,267
1068,Thiago Almada,ARG,FW,0,0,267
1069,Otabek Shukurov,UZB,MF,0,0,268
1070,Arthur Theate,BEL,DF,0,0,268
1071,Kim Minjae,KOR,DF,0,0,268
1072,Akram Afif,QAT,FW,0,0,269
1073,Alan Franco,ECU,MF,0,0,270
1074,Paul Wanner,AUT,MF,0,0,270
1075,Edgar Yoel Barcenas,PAN,MF,0,0,272
1076,Federico Valverde,URU,MF,0,0,272
1077,Yan Valery,TUN,DF,0,0,274
1078,Djed Spence,ENG,DF,0,0,274
1079,Seol Youngwoo,KOR,DF,0,0,274
1080,Joe Bell,NZL,MF,0,0,275
1081,Salem Aldawsari,KSA,FW,0,0,276
1082,Djibril Sow,SUI,MF,0,0,276
1083,Edson Alvarez,MEX,DF,0,0,278
1084,Oscar Bobb,NOR,MF,0,0,279
1085,Juninho Bacuna,CUW,MF,0,0,280
1086,John Stones,ENG,DF,0,0,281
1087,Kwasi Sibo,GHA,MF,0,0,282
1088,Kevin Danso,AUT,DF,0,0,284
1089,Abdallah Nasib,JOR,DF,0,0,287
1090,Mory Diaw,SEN,GK,0,0,287
1091,Oswin Appollis,RSA,FW,0,0,287
1092,Rustam Ashurmatov,UZB,DF,0,0,288
1093,Danley Jean Jacques,HAI,MF,0,0,288
1094,Tani Oluwaseyi,CAN,FW,0,0,288
1095,Micky Van De Ven,NED,DF,0,0,291
1096,Jean Ricner Bellegarde,HAI,MF,0,0,292
1097,Tarik Muharemovic,BIH,DF,0,0,292
1098,Ali Abdi,TUN,DF,0,0,293
1099,Mehdi Taremi,IRN,FW,0,0,293
1100,Gustavo Velazquez,PAR,DF,0,0,293
1101,Thalente Mbatha,RSA,MF,0,0,293
1102,Carlos Harvey,PAN,DF,0,0,295
1103,Mohannad Abutaha,JOR,MF,0,0,296
1104,Noah Sadiki,COD,MF,0,0,297
1105,Saeid Ezatolahi,IRN,MF,0,0,298
1106,Montassar Talbi,TUN,DF,0,0,298
1107,Kim Seunggyu,KOR,GK,0,0,300
1107,Lee Hanbeom,KOR,DF,0,0,300
1107,Lee Gihyuk,KOR,MF,0,0,300
1110,Aleksandar Pavlovic,GER,MF,0,0,300
1111,Abdulkerim Bardakci,TUR,DF,0,0,300
1112,Leandro Bacuna,CUW,MF,0,0,300
1112,Sherel Floranus,CUW,DF,0,0,300
1112,Armando Obispo,CUW,DF,0,0,300
1112,Eloy Room,CUW,GK,0,0,300
1116,Saud Abdulhamid,KSA,DF,0,0,300
1117,Antonio Ruediger,GER,DF,0,0,300
1118,Robin Hranac,CZE,DF,0,0,301
1118,Matej Kovar,CZE,GK,0,0,301
1120,Ahmed Fatouh,EGY,DF,0,0,301
1121,Luca Zidane,ALG,GK,0,0,302
1122,Marko Stamenic,NZL,MF,0,0,302
1123,Ghislain Konan,CIV,DF,0,0,303
1124,Andres Andrade,PAN,DF,0,0,303
1124,Jose Cordoba,PAN,DF,0,0,303
1124,Orlando Mosquera,PAN,GK,0,0,303
1124,Amir Murillo,PAN,DF,0,0,303
1128,Akam Hashim,IRQ,DF,0,0,303
1128,Merchas Doski,IRQ,DF,0,0,303
1130,Miguel Almiron,PAR,MF,0,0,306
1131,Mohammed Alowais,KSA,GK,0,0,306
1132,Max Crocombe,NZL,GK,0,0,306
1133,Lewis Ferguson,SCO,MF,0,0,306
1133,Angus Gunn,SCO,GK,0,0,306
1133,Jack Hendry,SCO,DF,0,0,306
1133,Scott Mctominay,SCO,MF,0,0,306
1137,Ricardo Ade,HAI,DF,0,0,306
1137,Hannes Delcroix,HAI,DF,0,0,306
1137,Martin Experience,HAI,DF,0,0,306
1137,Johny Placide,HAI,GK,0,0,306
1141,Thomas Partey,GHA,MF,0,0,307
1142,Emmanuel Agbadou,CIV,DF,0,0,308
1143,Yazeed Abulaila,JOR,GK,0,0,309
1143,Yazan Alarab,JOR,DF,0,0,309
1145,Shoja Khalilzadeh,IRN,DF,0,0,309
1145,Ali Nemati,IRN,DF,0,0,309
1145,Alireza Beiranvand,IRN,GK,0,0,309
1148,Mahmoud Abunada,QAT,GK,0,0,310
1148,Pedro Miguel,QAT,DF,0,0,310
1148,Boualem Khoukhi,QAT,DF,0,0,310
1148,Issa Laye,QAT,DF,0,0,310
1152,Amar Dedic,BIH,DF,0,0,310
1153,Guela Doue,CIV,DF,0,0,311
1154,Marin Pongracic,CRO,DF,0,0,311
1155,Enner Valencia,ECU,FW,0,0,311
1156,Abdukodir Khusanov,UZB,DF,0,0,311
1157,Marvin Senaya,GHA,DF,0,0,312
1158,Rodrigo Bentancur,URU,MF,0,0,313
1158,Sebastian Caceres,URU,DF,0,0,313
1158,Mathias Olivera,URU,DF,0,0,313
1158,Guillermo Varela,URU,DF,0,0,313
1162,Nabil Bentaleb,ALG,MF,0,0,313
1163,Ugurcan Cakir,TUR,GK,0,0,313
1164,Jerome Opoku,GHA,DF,0,0,313
1165,Jamiro Monteiro,CPV,MF,0,0,314
1166,Noni Madueke,ENG,FW,0,0,315
1167,Rayan Ait Nouri,ALG,DF,0,0,315
1168,Odilon Kossounou,CIV,DF,0,0,316
1169,Nicolas Tagliafico,ARG,DF,0,0,319
1170,Jordan Ayew,GHA,FW,0,0,323
1171,John Yeboah,ECU,FW,0,0,330
1172,Diego Gomez,PAR,MF,0,0,332
1173,Fabian Rieder,SUI,MF,0,0,332
1174,Sergino Dest,USA,DF,0,0,335
1175,James Rodriguez,COL,MF,0,0,338
1176,Jeremy Doku,BEL,FW,0,0,341
1177,Jordan Bos,AUS,DF,0,0,343
1178,Steven Moreira,CPV,DF,0,0,346
1179,Cesar Montes,MEX,DF,0,0,349
1180,Derek Cornelius,CAN,DF,0,0,351
1181,Nikola Katic,BIH,DF,0,0,353
1182,Fredrik Aursnes,NOR,MF,0,0,355
1183,Gabriel Gudmundsson,SWE,DF,0,0,356
1184,Samuel Moutoussamy,COD,MF,0,0,360
1185,Frenkie De Jong,NED,MF,0,0,360
1186,Nicolas Seiwald,AUT,MF,0,0,361
1187,Omar Alderete,PAR,DF,0,0,363
1188,Alexander Sorloth,NOR,FW,0,0,363
1189,Omar Marmoush,EGY,FW,0,0,369
1190,Stefan Posch,AUT,DF,0,0,370
1191,Manu Kone,FRA,MF,0,0,374
1192,Nathan Ngoy,BEL,DF,0,0,376
1193,Piero Hincapie,ECU,DF,0,0,376
1194,Aubrey Modiba,RSA,DF,0,0,381
1195,Lucas Digne,FRA,DF,0,0,381
1196,Ibrahim Maza,ALG,MF,0,0,389
1197,Victor Lindelof,SWE,DF,0,0,390
1198,Denis Zakaria,SUI,MF,0,0,392
1199,Tyler Adams,USA,MF,0,0,397
1200,Antonee Robinson,USA,DF,0,0,399
1201,Leandro Paredes,ARG,MF,0,0,399
1202,Aaron Wan Bissaka,COD,DF,0,0,399
1203,Ermedin Demirovic,BIH,FW,0,0,399
1204,Gustaf Lagerbielke,SWE,DF,0,0,400
1205,Tajon Buchanan,CAN,FW,0,0,401
1206,Mbekezeli Mbokazi,RSA,DF,0,0,402
1206,Khuliso Mudau,RSA,DF,0,0,402
1206,Ime Okon,RSA,DF,0,0,402
1206,Ronwen Williams,RSA,GK,0,0,402
1210,Ramy Bensebaini,ALG,DF,0,0,403
1210,Fares Chaibi,ALG,MF,0,0,403
1210,Aissa Mandi,ALG,DF,0,0,403
1213,Vitinha,POR,MF,0,0,404
1214,Hiroki Ito,JPN,DF,0,0,405
1215,Zion Suzuki,JPN,GK,0,0,405
1216,Aiden Oneill,AUS,MF,0,0,406
1217,Moises Caicedo,ECU,MF,0,0,407
1217,Hernan Galindez,ECU,GK,0,0,407
1217,Willian Pacho,ECU,DF,0,0,407
1220,Yahia Fofana,CIV,GK,0,0,408
1221,Lionel Mpasi,COD,GK,0,0,409
1222,Axel Tuanzebe,COD,DF,0,0,409
1223,Mohanad Lashin,EGY,MF,0,0,409
1224,Idrissa Gana Gueye,SEN,MF,0,0,411
1225,Nikola Vasilj,BIH,GK,0,0,411
1226,Alexander Schlager,AUT,GK,0,0,412
1227,Johan Vasquez,MEX,DF,0,0,412
1228,Dominik Livakovic,CRO,GK,0,0,413
1228,Josip Sutalo,CRO,DF,0,0,413
1230,Gideon Mensah,GHA,DF,0,0,414
1230,Antoine Semenyo,GHA,MF,0,0,414
1232,Ruben Dias,POR,DF,0,0,418
1233,Jonathan Tah,GER,DF,0,0,419
1234,Matt Freese,USA,GK,0,0,419
1234,Tim Ream,USA,DF,0,0,419
1234,Chris Richards,USA,DF,0,0,419
1237,Luc De Fougerolles,CAN,DF,0,0,421
1238,Ayyoub Bouaddi,MAR,MF,0,0,425
1239,Ramy Rabia,EGY,DF,0,0,431
1240,Jesus Gallardo,MEX,DF,0,0,431
1241,Bart Verbruggen,NED,GK,0,0,432
1242,Patrick Beach,AUS,GK,0,0,435
1243,Alessandro Circati,AUS,DF,0,0,438
1243,Harry Souttar,AUS,DF,0,0,438
1245,Nahuel Molina,ARG,DF,0,0,438
1246,Johan Mojica,COL,DF,0,0,442
1247,Manuel Neuer,GER,GK,0,0,442
1248,Vozinha,CPV,GK,0,0,445
1248,Pico Lopes,CPV,DF,0,0,445
1248,Diney Borges,CPV,DF,0,0,445
1251,Junior Alonso,PAR,DF,0,0,456
1252,Jefferson Lerma,COL,MF,0,0,459
1253,Krepin Diatta,SEN,DF,0,0,459
1254,Pedri,ESP,MF,0,0,470
1255,Danilo,BRA,DF,0,0,471
1256,Richie Laryea,CAN,DF,0,0,475
1257,Juan Jose Caceres,PAR,DF,0,0,488
1258,Maxim De Cuyper,BEL,DF,0,0,492
1259,Raul Rangel,MEX,GK,0,0,494
1260,Bilal El Khannouss,MAR,MF,0,0,501
1261,Torbjorn Heggem,NOR,DF,0,0,503
1262,William Saliba,FRA,DF,0,0,503
1263,Nico Oreilly,ENG,DF,0,0,504
1264,Weston Mckennie,USA,MF,0,0,504
1265,Douglas Santos,BRA,DF,0,0,505
1266,Maxime Crepeau,CAN,GK,0,0,511
1266,Alistair Johnston,CAN,DF,0,0,511
1268,Renato Veiga,POR,DF,0,0,518
1268,Diogo Costa,POR,GK,0,0,518
1270,Marquinhos,BRA,DF,0,0,520
1270,Alisson,BRA,GK,0,0,520
1272,Jhon Lucumi,COL,DF,0,0,538
1273,Davinson Sanchez,COL,DF,0,0,541
1273,Camilo Vargas,COL,GK,0,0,541
1275,Noussair Mazraoui,MAR,DF,0,0,542
1276,Mostafa Shoubir,EGY,GK,0,0,546
1277,Andres Cubas,PAR,MF,0,0,554
1277,Orlando Gill,PAR,GK,0,0,554
1277,Gustavo Gomez,PAR,DF,0,0,554
1280,Kristoffer Ajer,NOR,DF,0,0,554
1280,Sander Berge,NOR,MF,0,0,554
1280,Orjan Nyland,NOR,GK,0,0,554
1283,Jules Kounde,FRA,DF,0,0,555
1284,Marc Guehi,ENG,DF,0,0,559
1285,Dayot Upamecano,FRA,DF,0,0,584
1286,Mike Maignan,FRA,GK,0,0,604
1287,Rodri,ESP,MF,0,0,605
1288,Ezri Konsa,ENG,DF,0,0,606
1289,Pau Cubarsi,ESP,DF,0,0,614
1289,Unai Simon,ESP,GK,0,0,614
1291,Thibaut Courtois,BEL,GK,0,0,625
1292,Neil El Aynaoui,MAR,MF,0,0,634
1293,Yassine Bounou,MAR,GK,0,0,650
1294,Brandon Mechele,BEL,DF,0,0,651
1295,Jordan Pickford,ENG,GK,0,0,651
1296,Remo Freuler,SUI,MF,0,0,654
1297,Manuel Akanji,SUI,DF,0,0,673
1297,Nico Elvedi,SUI,DF,0,0,673
1299,Gregor Kobel,SUI,GK,0,0,673
1300,Emiliano Martinez,ARG,GK,0,0,689
